0.031169425919799973,0.03807701986065144,0.03886553681222755,0.03423352089761743,0.02545355448784644,0.013900895458568208,0.0009980268132719627,-0.011609938067152992,-0.022014007967275262,-0.028343584276137486,-0.029293944830495185,-0.024590850976171016,-0.015131357050457109,-0.002721787692390787,0.010403706217670339,0.02203790034322634,0.030338066293773776,0.03406960680781304,0.03277877476839891,0.026879385197868463,0.017598077166493423,0.006728366433053565,-0.0037596599264006145,-0.012116791191833245,-0.017121017881777376,-0.018264096763917534,-0.015778029332611895,-0.010478633731749412,-0.0035064725728466903,0.003909197823415547,0.010615435029565141,0.01566540021584504,0.018442216108676156,0.018746759187796693,0.01679960020552919,0.013156939515151855,0.008590666289331871,0.003961292860539659,6.775592185619822e-05,-0.002519304769405553,-0.003575374126532721,-0.003226351632670703,-0.0018457572912029194,9.000750264735041e-05,0.0021281047870355674,0.0039225384399772245,0.00527103595107449,0.006108218616588862,0.006469509338779475,0.006454833194117521,0.0062084696702475045,0.005898166668626623,0.005671489691050975,0.00559848239945681,0.005637775644592807,0.0056567621152672845,0.005499468167231646,0.005064643506194212,0.00435477827694368,0.0034756096637862596,0.0025909180082637553
0.03892663104838939,0.046620851246574016,0.04769820420209569,0.04287785790007108,0.03346766469752292,0.020901668596644024,0.006728887393761901,-0.007178125664383056,-0.018611641379212097,-0.02542817459959628,-0.0261837804463525,-0.02065426532327287,-0.00995316057902046,0.003814278968415935,0.018126830365607083,0.03056309430312825,0.039160026129101785,0.04265444166082122,0.04064865153377331,0.03369185302157445,0.023212603702476478,0.011238566721344878,-4.579909560894352e-05,-0.00874419120367042,-0.013583307720595676,-0.01410790618462869,-0.010692636558380708,-0.0043475654845752665,0.0035874275489022472,0.01171527386214228,0.018768850204533713,0.02375488262489761,0.026086550859891512,0.025667675610391218,0.022871666659601393,0.018420808639517398,0.013232092270056547,0.008267508499856024,0.004369733822079662,0.002087765532702547,0.0015635242230850124,0.0025481449371185932,0.004535530021437334,0.0069366960868871355,0.009227059043314514,0.011039450632193144,0.012198915080856867,0.012702523267625734,0.012663753277853157,0.012259394081055225,0.011699926044190553,0.011202636745001097,0.010940539397880901,0.010977681811641604,0.011234212884857396,0.011516130381104411,0.01160112541623088,0.01133575247846521,0.010697220513497342,0.009795102102725523,0.008818156560932107
0.04709467819129921,0.055609069360310064,0.056988180835973595,0.05196793674025753,0.04189003305506163,0.02825149139021762,0.01274014404778799,-0.0025248229133201724,-0.015017973218117195,-0.022313652755540876,-0.022833724777543078,-0.01641993390181272,-0.0044209022890322885,0.010745203435055181,0.026263774127925785,0.03949932127650087,0.04837184164331563,0.05159389851709722,0.04882912089533449,0.040769713022118514,0.029056514698109707,0.015961811979048092,0.0038906251165325284,-0.005114632491177641,-0.009737252806098842,-0.009587177490226369,-0.005194638595315333,0.002225602500936154,0.011128323761133499,0.019947530100256586,0.027305454978345238,0.03217015157263624,0.03399604492959784,0.03280265854543647,0.02912743342780595,0.02386517388675981,0.018078100974854974,0.012824101145587324,0.008980127618218606,0.007062320914387389,0.0071191189671513805,0.008769981229266394,0.01137108943737862,0.014220076275926398,0.016724342147615374,0.01850332548194259,0.01941973168735999,0.019543606383454933,0.019074683303914923,0.018270910155329063,0.017409145659231885,0.016752876066919255,0.0164945432300782,0.016684509169856518,0.017196384454253012,0.017767888613750477,0.018106091539905653,0.018004566438329386,0.017418005406819634,0.016465240986808016,0.015366501468453461
0.055615628803601415,0.06497596666564723,0.06666439277537854,0.061430843901519316,0.05064979583689815,0.035885465645918574,0.018976035392768452,0.002304540193643484,-0.011269576183928695,-0.019031727546594657,-0.019275854936309844,-0.011924969888578558,0.0014205892451405536,0.0180181713599857,0.03475535368400413,0.04878361445675832,0.05790954841801872,0.060825593549711704,0.05726159282991678,0.048059827847577036,0.03508286763156403,0.020856782668251972,0.00801191632632902,-0.0012652664475320471,-0.005622864731911974,-0.004747597084495708,0.00066314315440269,0.009181146712321071,0.01905137180047215,0.028538848395309166,0.03615918031429167,0.04084931465617024,0.042115346576877974,0.04010398354359378,0.035526364172287245,0.029454799173688383,0.02309582182211723,0.01759717504855971,0.013860827541126088,0.012359667398612828,0.013039033398281018,0.015379456172567085,0.01859558941918519,0.021871851551736987,0.024551833970877096,0.026249227337840436,0.026874076314630277,0.026578858948480187,0.025656509417778355,0.024449257545576086,0.023299601946231166,0.022513350501339083,0.02229627835282856,0.022677783819380744,0.02347771668582737,0.02435971271377451,0.024957017901836805,0.02501028895920346,0.024454924394139682,0.02342445774673209,0.02217671553561494
0.06443475972718835,0.07465973538357945,0.07666094436202919,0.07119967872990624,0.05968267718259623,0.04374551802443739,0.0253872904344392,0.00727024838185996,-0.007398428120357889,-0.015610674230944872,-0.015539672926563053,-0.007204247203728434,0.007528907605036321,0.025583312103748146,0.04354596275103102,0.05835716798752648,0.06771381251733652,0.07029212717949089,0.0658926871169726,0.0555143216833507,0.041249790226685706,0.025886781209922348,0.012284387002059347,0.0027701735118942084,-0.001277099819983668,0.0003682007340517768,0.006831305992618587,0.016463390128064026,0.02729642361304447,0.03742753673726995,0.04526977314855163,0.049736398101120224,0.050394766900579924,0.04752900905990077,0.042032183183074445,0.03515779939638339,0.0282549234560042,0.022554838680858696,0.018975593785678896,0.017937287506744212,0.019273764131579635,0.022320700620305334,0.026148582049533478,0.029829581728621643,0.03264796998174265,0.03421910428015295,0.03450930543888661,0.033761872587824523,0.032368733931217766,0.030758509866125314,0.029337881052152626,0.02845075779822874,0.028310231710082276,0.028917955533669264,0.03003362878598749,0.03124199453542964,0.03210021115919805,0.03229676097560802,0.031751260708694114,0.03061726647318387,0.029195890777565264
0.07350115543576655,0.08460350979242043,0.08691750447238714,0.08121374230695957,0.06893094871847491,0.051780056943632954,0.03193068656718302,0.012337781285577852,-0.0034323760366374786,-0.012075620837822487,-0.011652147685985166,-0.0022902065041803116,0.013864436543561613,0.03339416145613356,0.052584060613412795,0.06816579893135717,0.07773032331447025,0.07994136217725015,0.07467436376023678,0.06309054298083641,0.04752030040214561,0.03101947753772423,0.016678122781226337,0.006961238143766771,0.003266149411947257,0.005720785432610738,0.013264110644725775,0.024020974160577198,0.035808608768406615,0.046557419017636506,0.054582838612702585,0.05878128099845589,0.05879014422136452,0.05504001215486188,0.04861275125237064,0.04094561836304707,0.03352773689523015,0.0276674814567257,0.02429046113428484,0.023755317208622576,0.02577715554998468,0.02954207254891894,0.033974751309644335,0.0380367243968388,0.04095759694748632,0.042361465594057186,0.04227909660514178,0.04105197430121839,0.039175757345136994,0.03716670299091844,0.03549366441702491,0.03453424720141629,0.03450303233266586,0.03536768831872475,0.03682218077396998,0.03836845561016332,0.03948612321152453,0.03981276139206391,0.03925587042077366,0.03799413420472631,0.036377152669326715
0.08276799616903771,0.09475531508076646,0.0973793850681391,0.09141845514615814,0.07834317537027591,0.05994360097897983,0.038568533432379426,0.01747727883339148,0.0006044125210262485,-0.00844883351215392,-0.0076378029177072496,0.0027872264150738194,0.020390538677088503,0.04140788996074482,0.061822388386166646,0.07816011698282835,0.08790989190624668,0.08972642859539029,0.08356381134140804,0.07075083740880245,0.053861993962212716,0.03622657266601542,0.021166693416068465,0.011280574714385538,0.007975993139201103,0.01127396074967546,0.019919561880719333,0.03180693223597308,0.04453765930664889,0.05587782799091372,0.06404967787278544,0.06793945173911309,0.06726254848697599,0.062603896156323,0.05523982796538301,0.04679289228666864,0.038889246949923434,0.032907891682883855,0.02977395126497801,0.029776799585781784,0.032506630161026354,0.036996301480210145,0.04202392261678248,0.0464424910897608,0.04943165922923559,0.05063094008859352,0.05014294288450249,0.04841371678719226,0.04604645020218288,0.04364555256866191,0.04173962965357232,0.04073550728762384,0.040843695461746585,0.04199220259588989,0.04380443867426916,0.045696458011453736,0.04706954208976584,0.047512035202992284,0.04692303523505352,0.045511176789478816,0.04367924395639762
0.0921926320118063,0.10506810540734089,0.10799741281388801,0.10176510068193806,0.08787383270052454,0.06819628627544108,0.04526813557036373,0.022663021863948793,0.004691025170611721,-0.00474999232498545,-0.0035188395037811585,0.008000638103527719,0.0270736111588277,0.04958536084506521,0.07121799172009113,0.08829549247041543,0.09820835150128658,0.0996055454995618,0.09252318568630466,0.07846221206950943,0.06024666659895182,0.04148343910898937,0.025726842941965852,0.015703710486162814,0.012824415016934376,0.016994707242979253,0.026759368515835123,0.03977862181115091,0.05343847101377103,0.06534336156269675,0.07362699566709603,0.0771716553597436,0.07577790292524797,0.07019182591880578,0.061888770646153404,0.05267724650594664,0.04431699990651458,0.03825126507993542,0.035397149540683896,0.035967779033184925,0.03942324551233448,0.04464045901844711,0.05025091255169148,0.05500155958148774,0.05802678966972868,0.05898777399447733,0.058065601454653094,0.05581636005796234,0.05295371881409311,0.050170149960237206,0.04805129832539484,0.04702875902745909,0.047303728913643164,0.048759439936111204,0.05094463609702027,0.05318710250380902,0.054809579493001734,0.055353144408329995,0.054712175626030465,0.05312975746264443,0.05106605050846879
0.10173650968568564,0.1154996039987146,0.11872767050965205,0.11221046432789153,0.09748285579592401,0.07650335279268539,0.05200126143371295,0.027872943436348413,0.00880941471820984,-0.0009964518165127695,0.0006847274007155124,0.013325064912681844,0.033883046011372944,0.05789106871690615,0.08073211212859897,0.09853188940262321,0.1085863297238453,0.10954173253250862,0.1015192629869619,0.08619594627478211,0.06664991140465168,0.0467686950995968,0.030338179789849533,0.020208824076656633,0.01778611815410315,0.02285306329903415,0.03374882367904189,0.047897559549777535,0.06247052585292118,0.07491358497565637,0.08327653175767111,0.08644348314946376,0.08430656431923114,0.07777884060357801,0.0685382079917691,0.05857905726164797,0.049790960893154046,0.04367514187437209,0.041133686994939016,0.04229728406881583,0.04649163161975184,0.052435812984504185,0.058615276553724505,0.06367371224257698,0.06670485005821347,0.06739730865661536,0.06601656110693958,0.06323336768305025,0.05987408333258776,0.056718653852253234,0.054406851070791615,0.053390683244000814,0.053857137599536725,0.05564010122514451,0.05821019308769729,0.060805181849705243,0.06266952554776878,0.06329921002034405,0.06258748605407156,0.060816040051296975,0.05850611014401843
0.11136500315905859,0.12601205201491783,0.12953115970678117,0.12271641742846197,0.10713516003739082,0.08483463219747045,0.05874363917229844,0.03308818032558447,0.012944046781004928,0.0027965165577544665,0.004954914286776586,0.018737889135440028,0.04079112518740777,0.06629299787622721,0.09032999179780755,0.10883361438405659,0.11900894601019159,0.11950246034557543,0.11052305496483954,0.09392718328592142,0.07305071853622844,0.05206394584151214,0.034982878847080956,0.024776516167402104,0.02283834672254463,0.02882196585796086,0.040856622130912845,0.05612919458103047,0.07159767029304398,0.08455267539926503,0.09296465488080359,0.09572493959988912,0.09282289346408691,0.08534345773362034,0.07516971050492863,0.06448120262116638,0.05529334386335777,0.04915929742677144,0.046959659444141606,0.04873723588316405,0.05367984931815438,0.06034760782732622,0.067080997096904,0.07242343279306075,0.0754324562805884,0.07582946472434787,0.07396952427137096,0.07064193191259607,0.0667872792562982,0.06327198940813147,0.06078692967555979,0.0598003048757616,0.0604803624916737,0.06260759732692016,0.06557163821175965,0.06851903928906233,0.07061662149237243,0.0713175927825311,0.07051753465385611,0.06854053110633607,0.06597213031927555
0.12104718740954651,0.13657190475049238,0.1403734249210739,0.1332494792046808,0.11680016373187206,0.09316405605870347,0.0654744890477784,0.03829266802265491,0.017081584005823033,0.006615501876413535,0.009275617052094363,0.0242187079979692,0.04777287296323558,0.07476243022138729,0.09998062685412767,0.11916901879442976,0.12944546859662925,0.12945927402679488,0.1195094070826718,0.10163452915195702,0.0794310932025885,0.05735334319693819,0.039645402483122344,0.029389586690856756,0.027960698634158468,0.03487706708720756,0.048054651718370006,0.06444264600582239,0.08078779281703102,0.09422904425790203,0.10266194605708609,0.10499001040654657,0.10130483576725866,0.0928672941943488,0.08176747217291239,0.07036880709763749,0.06080842975823918,0.05468560609852704,0.05285350623544731,0.05526230415777484,0.06095919944985495,0.06834480248302875,0.07561614224744616,0.08121949215165537,0.08418051020126799,0.08425824938579755,0.08190192453626019,0.07802253480761456,0.07367588866378591,0.06981356248346768,0.06717442820725923,0.06623885093178848,0.06715217262140302,0.06963794168944817,0.0730024679727247,0.07630023907222087,0.07862178638721662,0.07937954590219562,0.07847485403870458,0.07627763252288988,0.07344053023893116
0.13075557602252824,0.1471495025963747,0.1512241634484962,0.1437803816295876,0.12645132381929922,0.10146919546378236,0.0721760972138537,0.0434727789885415,0.021210606601573784,0.010448750018900707,0.013632452969402853,0.029749189018222134,0.05480588330148281,0.08327372416943744,0.10965649331240002,0.12951017656144934,0.1398689583694689,0.13938741240427227,0.1284566100876468,0.10929966870187005,0.08577570031058485,0.0626233272469502,0.04431224387425559,0.034032830103383954,0.03313493687999552,0.0409965389860738,0.05531776384375155,0.07281042341368794,0.09001248987713548,0.10391495685294759,0.112342788949152,0.11421624663618639,0.10973352400583838,0.10033471046369576,0.08831801178083107,0.07622904408517693,0.06632238310088848,0.0602378909991607,0.05879586526294668,0.06184974194729449,0.0683040043055329,0.07639978767095136,0.08419251571072113,0.09003454029339725,0.09292375228059686,0.0926612971228601,0.08979448393909709,0.08535854944513127,0.08052500389882518,0.07632899309999619,0.07355429290625952,0.0726895944085449,0.07385352968132952,0.07670960671910254,0.08047896843280523,0.0841239826785027,0.08665932276322505,0.08745986170203822,0.08643554275574666,0.08400521789518646,0.08089101594540446
0.14046584898240239,0.15771873665978875,0.1620568403328796,0.15428364674762102,0.13606570064469717,0.10973083818921062,0.0788334323608309,0.04861700259751321,0.02532136575884679,0.014285981483273341,0.018012613639520156,0.03531291699641469,0.06187013391355983,0.09180408062818302,0.11933326325144925,0.13983256001379357,0.15025591418627063,0.14926543791969674,0.1373460280850193,0.1169070090837282,0.09207154022852244,0.06786230807925439,0.04897169382299401,0.03869280303611096,0.03834480453318067,0.047160875032279434,0.06262354009772968,0.08120814422934294,0.09924673453180835,0.11358616230859161,0.12198497883672546,0.1233843740220723,0.11809291007801867,0.1077324833317583,0.09480989855049121,0.08205083592147881,0.07182307365780366,0.0658017689429542,0.0647694159680367,0.06847920215884376,0.07569137706128566,0.08448809814234776,0.09278516245027099,0.09884471467194436,0.1016403435540155,0.10101944711654079,0.09763081212655556,0.09263588114187772,0.08732192417363349,0.08280587036971626,0.0799133269731893,0.07913769320409761,0.08056743765497132,0.08380335971764728,0.08798001685236198,0.09196756576639671,0.09470661824373604,0.09553652657797387,0.09437888698961752,0.09170423950834336,0.08830619233305376
0.15015657823962755,0.16825672030868993,0.17284831753300783,0.16473719132307812,0.14562355812610356,0.11793260407909115,0.08543380364716621,0.05371566368919533,0.029405566929209287,0.018118225191367153,0.02240472183980402,0.04089524147749732,0.06894779988811274,0.10033330675917157,0.12898952280164866,0.1501147215785344,0.16058593191172885,0.1590748866131565,0.14616175301289366,0.12444335619959283,0.09830765669920308,0.07306055664797295,0.05361363091472669,0.043357710436537696,0.04357584745771965,0.0533526948339426,0.06995205645676673,0.08961425690394538,0.10846855666987415,0.12322154225848865,0.13156935670924647,0.1324779324395398,0.12636942879837978,0.11504950925813706,0.10123350092286637,0.08782472873638936,0.07729990719175289,0.0713644967478483,0.07075873423937783,0.07513254401748043,0.08310098960759718,0.09258813019479711,0.10137278766077731,0.10762927496494182,0.11031147995292234,0.10931636118307002,0.10539704695451169,0.09984264759706094,0.094055884202064,0.08923352946601541,0.08624000687941508,0.08557002984550113,0.08727878601287123,0.09090208976051047,0.09548687583345201,0.09981142696579381,0.10274385424175136,0.10359039314510923,0.1022870092160542,0.09935836940425058,0.09567121300370851
0.15980896136761547,0.17874347566326299,0.18357850549820637,0.17512195902329933,0.15510799488028437,0.126060600253176,0.09196655848715135,0.05876067628363907,0.033456181009904065,0.02193767296563684,0.026798697588085292,0.046483127234710236,0.07602306395805195,0.10884358508460246,0.1386064999496017,0.16033799068667473,0.17084138352375927,0.16879994202162066,0.15489028806669206,0.1318976174715336,0.1044748762715398,0.07820970088168169,0.05822933367722975,0.048017169204322106,0.04881524693332491,0.059556556095522,0.07728566566170092,0.09800977598187956,0.11765874087796158,0.13280278295660083,0.14107947209669333,0.1414829471762595,0.1345516929492463,0.12227653822454032,0.10758076564143065,0.09354266824945452,0.08274366759645413,0.07691482286130312,0.07675005661257439,0.08179365039345267,0.0905148460708634,0.1006808711655207,0.10993594835562837,0.11637026353889354,0.11892104315364482,0.11753818008153107,0.11308153477097141,0.10696889552927034,0.1007178129181181,0.09560285029149876,0.09252431170337808,0.09197505660233372,0.09397419338179103,0.09799063332215134,0.10298298850417023,0.10763825796905983,0.11075372861454724,0.11160487455692095,0.11014454558356107,0.10695367510039706,0.10297346696886088
0.1694065683095654,0.18916163936257288,0.19423004014415415,0.18542158401226147,0.16450461277241152,0.13410311306590977,0.0984228153858646,0.06374532872322843,0.03746727882587868,0.02573753789598157,0.031185633568402496,0.05206501112708172,0.08308193971256991,0.11731925275348229,0.1481678069537931,0.17048618983183292,0.18100711930651453,0.17842713693318485,0.16352026090936794,0.139260540117207,0.11056557750138939,0.08330281159056523,0.0628113138612829,0.05266209044287812,0.054051663390471245,0.06575877651495315,0.08460878132461705,0.10637803286742875,0.1268005449511815,0.1423140731708073,0.15050127551010262,0.1503876318839707,0.14263022748425586,0.12940593680728826,0.11384501649407025,0.09919784102759621,0.08814637141325568,0.08244284693422185,0.08273128189782236,0.08844824685331686,0.09791706659231758,0.10874964494682864,0.11845826407900115,0.12505219761793776,0.1274552834420299,0.12567321704475642,0.12067454747569131,0.11400634409426583,0.10730011997028988,0.10190607683471317,0.09875756655348876,0.09834264833172147,0.10064185553623527,0.10505560397575633,0.11045378036026404,0.11543290335452122,0.11872119646234641,0.11956566341299565,0.11793835494319649,0.1144783290323194,0.1102023002741416
0.17893510475362645,0.19949619013108869,0.204787986767321,0.19562208566078654,0.17380121905170126,0.14205033487704616,0.10479523057828966,0.06866409731070432,0.04143388732131928,0.029511956047812427,0.0355576800842497,0.05763066698608216,0.09011210133184885,0.12574659374823416,0.15765919998060887,0.18054537202346357,0.1910701950572888,0.18794508219673578,0.17204216601412145,0.14652447763190063,0.11657348758932193,0.08833408967503242,0.06735316828034155,0.05728453483364831,0.05927509196274109,0.07194726724245117,0.0919076806265221,0.1147044441763421,0.13587944065893587,0.1517418285543317,0.15982284074127068,0.15918212441994847,0.15059721934710704,0.13643147852268356,0.12002077825499222,0.10478452552786059,0.09350113506458736,0.08793988847238726,0.08869167197700364,0.09508373124619945,0.10529368416996356,0.11677987567830866,0.1269254042169284,0.13366178744106005,0.1359025378345437,0.13371168587281163,0.12816803332308735,0.12094819277280444,0.1137965076277344,0.1081366558554903,0.10493229639603834,0.10466396451796997,0.10727140057992923,0.11208522958768544,0.11788647246227502,0.12318214537681169,0.12663323080863784,0.12746047589984869,0.1256572557942385,0.12192234965192625,0.11734876952456247
0.18838219298329384,0.20973419902226126,0.21523957092337162,0.20571159351858542,0.18298756031459762,0.1498941226412554,0.11107779347484073,0.07351248358538023,0.04535186432102208,0.03325586246131439,0.039907939739120504,0.06317107948938659,0.09710272495091805,0.13411364639170612,0.16706838461398058,0.19050358039475987,0.201019624209582,0.19734422279485436,0.18044813473405472,0.1536831823585728,0.12249350391975733,0.09329874386721079,0.07184944802482363,0.06187758857364249,0.06447672986657245,0.07811137851005262,0.09917032072476716,0.12297629848375285,0.14488287691540258,0.16107444198153817,0.16903411456316478,0.16785824751273176,0.1584463094603913,0.14334815912071272,0.12610362100584366,0.1102979594320813,0.09880205436191192,0.09339836552935744,0.09462179366117451,0.10168901420660947,0.11263245595096735,0.12475887046084208,0.13532499804561438,0.14218768531711873,0.14425297734740244,0.14164546066915135,0.13555539806896963,0.1277888946915689,0.12020180530997249,0.11428909335569051,0.11104209961760231,0.1109313217457944,0.11385375281079475,0.1190691990685204,0.12526989989897963,0.13087450488541305,0.13447860394007727,0.13527882068837255,0.13329179182157597,0.12927737276150125,0.12440542501210818
0.19773717113005795,0.219864602168671,0.22557393574658124,0.21568010083405376,0.19205508685799436,0.15762778528230698,0.1172656482489943,0.07828687416238687,0.0492177896132925,0.03696490866667842,0.04423037126827581,0.06867832743562516,0.10404434209486094,0.1424100247534735,0.17638470421371524,0.20035062972289167,0.2108461541551106,0.20661661880661653,0.18873173087399386,0.1607316234473897,0.12832153790232786,0.09819285669954528,0.07629554303304906,0.06643525194991179,0.0696488552734695,0.08424175765079468,0.1063861700613922,0.1311825614339463,0.15380006493318124,0.17030205870096304,0.17812669458676372,0.17640930050901427,0.16617240289861016,0.15015203442324218,0.1320900233362382,0.11573422187654853,0.10404409640742236,0.0988116833336927,0.1005133778396273,0.10825437146719344,0.11992268949387894,0.13267562104839042,0.14364641795520922,0.15062025953769087,0.15249838311442976,0.14946786419238883,0.14283131336921628,0.13452398980295577,0.1265118244653523,0.12035882721640381,0.1170815278802767,0.11713807614923424,0.12038100674076432,0.12599851977262916,0.1325943606141357,0.138500058830779,0.14224768902207763,0.14301179139365697,0.14083402313353502,0.1365364479812344,0.13136611977522628
0.20699091034052386,0.22987799519530724,0.23578192188747693,0.22551924437185028,0.20099674230474396,0.16524589685647892,0.12335493838563769,0.0829844188718,0.053028870257179846,0.04063537819025951,0.04851970216326566,0.07414547629363662,0.11092870412686756,0.15062675650683066,0.1855990934821874,0.21007790899041728,0.22054206519688171,0.21575575032341127,0.19688777039222044,0.16766582685227788,0.13405437861857178,0.10301327204066946,0.08068758038063845,0.07095233951035043,0.07478471717202897,0.09033021930439544,0.11354605425985104,0.13931369862473142,0.16262178418545642,0.17941637471681274,0.18709362992997636,0.184829872066849,0.17377150324949828,0.15684007823224327,0.13797725229279167,0.12109012964631362,0.10922300141037547,0.10417413271674951,0.10635920420959244,0.11477130806810174,0.1271550839051514,0.14052062389572156,0.15188058438235535,0.15895139288574794,0.1606319482952594,0.15717348182896124,0.14999154917939875,0.14114999329515726,0.13272323141679776,0.12634211442266755,0.1230459790430911,0.12327851616406726,0.12684630993726864,0.13286538595129713,0.13985145469799298,0.14605027412254104,0.14993228113243934,0.1506518810269314,0.1482773411298162,0.14369386095059727,0.13822584228479298
0.21613564911064287,0.239766448075864,0.24585587423668848,0.235222108739313,0.20980677916860216,0.1727441326541948,0.12934267137513913,0.08760292531903748,0.05678285823256546,0.04426411386488838,0.05277134969096668,0.07956648059344827,0.11774865916808526,0.15875613481694237,0.1947039060793258,0.21967820373444882,0.2301009909695505,0.22475634436469927,0.20491216108428653,0.17448273510471346,0.13968957393888576,0.10775749506245504,0.08502233471424933,0.07542439077899556,0.07987843595650612,0.09636962711989004,0.12064201603477506,0.14736151534594233,0.1713402112365257,0.18841045658753452,0.19592924497063782,0.1931156774768656,0.18124056733373162,0.16341005823886337,0.1437632584435466,0.1263631451739292,0.11433519581398821,0.10948079788620929,0.11215299557049928,0.12123243423315566,0.1343215853575405,0.14828571757990675,0.1600197909047723,0.16717430338014172,0.16864810300423824,0.16475799838124738,0.15703282742336536,0.147664232559241,0.1388334360641798,0.1322359313375193,0.12893160951242633,0.12934776498385409,0.13324375672193908,0.13966305822581965,0.14703395396786945,0.15351785716917674,0.1575254364889181,0.15819281664278012,0.15561630475257715,0.15074497615440696,0.14498056974889592
0.2251648438315604,0.24952333878913288,0.2557894656526784,0.2447830523460104,0.21848059536496287,0.18011912506920638,0.13522660101680925,0.09214076759425058,0.06047797881894605,0.047848453358112567,0.05698134959685945,0.0849360937190588,0.12449804137356395,0.1667915841925173,0.20369263444817468,0.22914553673957477,0.23951775813972975,0.23361422088992856,0.21280176250082722,0.18118008460621177,0.14522532667955215,0.11242360149975507,0.08929714950869515,0.07984759050278667,0.08492491274298572,0.1023537865274437,0.12766718828605203,0.1553190120529953,0.17994874659432025,0.1972785808526191,0.2046289830435995,0.20126341427004427,0.1885773778921884,0.16986042745329916,0.14944658409588735,0.13155129561323625,0.11937771415472417,0.11472747297573342,0.11788932291335184,0.12763135243617427,0.14141525611758105,0.15596393641314088,0.16805754783942728,0.17528338505322755,0.17654235994488893,0.17221805496094533,0.16395269431920004,0.15406475528419605,0.1448404945201409,0.1380378856138638,0.13473523847302513,0.1353416921971189,0.13956829078054384,0.14638575370271223,0.1541356772200921,0.1608966181666776,0.16502132849547105,0.1656294123804135,0.1628464958353827,0.15768609953798954,0.15162713979591586
0.23407303426246434,0.25914320464471513,0.26557754166583625,0.25419755324851284,0.22701458961880863,0.18736833993022636,0.1410051250720432,0.09659680721354749,0.06411286826444351,0.051386172073815316,0.06114629121212181,0.09024978724985237,0.13117156231247623,0.17472753965539264,0.2125598800679948,0.23847502553162983,0.24878824367809182,0.24232615679939495,0.2205542621919391,0.18775629836303415,0.15066040563329725,0.11701016381082183,0.09350986761423855,0.08421869747260052,0.0899197484411997,0.10827734765018503,0.13461567945761102,0.16318025436394742,0.18844190795582327,0.20601609102947874,0.2131892681778706,0.2092706338766605,0.19578043223956762,0.17619023004398132,0.15502628299480925,0.1366531015329947,0.12434812944387003,0.11991058673462321,0.12356351680339797,0.13396255496307263,0.1484301563163214,0.16354937897162955,0.1759884426646776,0.18327406687377967,0.1843111784725951,0.17955112376366042,0.1707494090221894,0.16035022397758647,0.150743023956239,0.14374613845301465,0.14045428121090003,0.14125683397044253,0.1458156168173992,0.15302853402824507,0.16115137844679067,0.16818134906548962,0.1724151191572927,0.17295743905656535,0.16996439317075146,0.16451435697555383,0.15816313817165623
0.24285572283060264,0.26862160914596955,0.27521598195702524,0.26346207261454263,0.2354060372134316,0.19448996335886898,0.1466771962707966,0.10097032461530872,0.06768651950779049,0.054875432575248406,0.06526325981888711,0.0955036772826657,0.1377647287442767,0.18255933662647428,0.2213012056384306,0.24766275514805522,0.2579092481290407,0.2508897658495184,0.22816806707336879,0.19421039228285847,0.1559940653857887,0.12151618406503766,0.09765877029185532,0.08853498102928078,0.09485917045982536,0.11413571763302485,0.14148247019452026,0.17094025634614649,0.1968151717787716,0.2146192706729791,0.22160738291999366,0.21713563109797698,0.202848844878187,0.1823990182799255,0.16050185033625608,0.1416675141486966,0.1292444911282543,0.12502713475221325,0.1291715895922929,0.14022133127639325,0.15536123736974847,0.1710370902127952,0.18380801567399865,0.19114268766707807,0.19195184477253335,0.18675539834874205,0.17742184652539328,0.16651983336998533,0.15654012812845064,0.14935933591233702,0.14608667072710202,0.14709032110836937,0.15198212055922045,0.15958727594177924,0.16807664600072203,0.175367714091117,0.1797028444307699,0.1801735086202657,0.17696725426503218,0.17122758864847684,0.16458680051655183
0.2515092663147462,0.27795502329097566,0.28470157723993444,0.27257393393800383,0.24365297484567627,0.20148280830139928,0.15224224491897892,0.10526095983658156,0.07119823487579463,0.05831473977511216,0.06932978438170397,0.10069445856754128,0.144273752839849,0.19028311414056204,0.2299130264708199,0.256705664702064,0.2668783831150616,0.25930339178006906,0.23564220803878222,0.2005418933501107,0.16122597920859547,0.12594103595258632,0.10174252347491242,0.09279416444352913,0.09973996683193923,0.11992498158830386,0.1482633203323474,0.1785948758832362,0.20506487860845118,0.22308523063005498,0.22988136044581126,0.22485734628092735,0.20978226236696296,0.1884867810565248,0.16587316160259213,0.1465938600834388,0.13406526984047348,0.1300746182380622,0.1347101639886395,0.14640368437089468,0.16220424611377354,0.17842295612083575,0.19151264923559552,0.19888638565040517,0.19946236670472436,0.19382969763737928,0.18396941298806468,0.17257323695035187,0.16223133223056282,0.1548765484041766,0.15163081027048425,0.15283981431933127,0.15806479646502014,0.1660584679657989,0.17490781184041898,0.1824521516962374,0.18688131213047404,0.18727497188019568,0.183853025100619,0.1778242559630779,0.1708969264474436
0.2600307791546518,0.28714071971878297,0.2940319199138134,0.28153121617519605,0.2517541041461688,0.20834622710219,0.1577001115229315,0.10946866102137356,0.07464758482545178,0.06170290120468301,0.07334379061929452,0.10581934192572853,0.1506954787601898,0.1978957257726866,0.2383925133348778,0.2656014463452865,0.2756939715855864,0.26756601563512167,0.24297625623663785,0.20675076818786858,0.16635617968530145,0.13028441419668976,0.10576013036776782,0.09699437439813076,0.10455942701918373,0.12564183238571197,0.15495468528249912,0.1861407209678963,0.21318812976819923,0.23141180904965858,0.23800988934793466,0.23243527731995714,0.2165807889562847,0.19445388116610385,0.1711404191682065,0.1514317927554673,0.1388093082180185,0.13505098953808384,0.14017640885803806,0.15250625538622167,0.16895563867749816,0.18570360917604756,0.19909946933930833,0.20650297890336716,0.20684138110348382,0.20077338188999228,0.19039197189483661,0.1785104825781192,0.16781652588831397,0.16029721728099006,0.1570855109035729,0.15850344603634303,0.16406118259521424,0.1724392585693017,0.1816418699544433,0.1894317868698582,0.193948011099463,0.1942598311861519,0.19062024734941926,0.18430336002666972,0.17709280439299271
0.26841804672428593,0.2961766783787687,0.3032053069963596,0.2903326593016969,0.25970870574620325,0.21508004151422216,0.16305098841971363,0.11359363976368389,0.0780343719238322,0.0650389917820127,0.07730355884871826,0.11087600387458961,0.157027315112155,0.20539466074281723,0.2467375056297796,0.27434845533417335,0.2843549593184249,0.27567717242379003,0.25017024959965384,0.2128373606755088,0.1713850057303911,0.1345462904011217,0.1097108898321167,0.1011340959760677,0.1093152887118924,0.13128350259721405,0.16155364092548297,0.19357506583804684,0.22118269901791987,0.23959748261848837,0.24599222963209816,0.2398694070070615,0.2232449215748923,0.20030100187190616,0.17630410568228688,0.15618124959871924,0.1434757771324477,0.1399546027148476,0.14556798137700366,0.15852625572394763,0.17561250317672594,0.19287634418717162,0.20656625803044845,0.21399098683952747,0.21408807225557192,0.20758627750078745,0.19668977969083662,0.18433195667756141,0.17329591325540863,0.16562110761215065,0.1624499454169863,0.16407976817411207,0.16996930179193734,0.17872732922502887,0.18827640317106614,0.19630435272680757,0.20090103044752916,0.20112664407243483,0.19726798311872498,0.19066437015297347,0.1831741457759948
0.27666944803402094,0.3050615026241778,0.31222065404550214,0.2989775808619819,0.2675165625836477,0.22168447584486978,0.16829536849618,0.11763633236647647,0.0813585994211841,0.06832232256133625,0.08120768613439833,0.11586253528963772,0.16326717416487124,0.21277797304168045,0.2549464339101219,0.28294563010829665,0.29286083693660203,0.2836368784801396,0.25722462846000793,0.2188023375445401,0.1763130593722,0.1387268745366942,0.11359435956160227,0.1052121324915667,0.11400569007915669,0.13684771282205038,0.16805781624583077,0.2008957760227042,0.22904695357560892,0.2476412881224999,0.2538281386561442,0.24716013485613555,0.22977549310373535,0.20602909469165043,0.18136494336294115,0.16084241441436004,0.1480641367829449,0.14478416947399703,0.15088297500061537,0.16446140602460585,0.18217249042795314,0.19993904302566795,0.21391137564733073,0.22134933778385246,0.22120210027189616,0.21426862084079362,0.20286342936266524,0.19003833522630256,0.17866996936514773,0.17084826660589242,0.16772360560972488,0.1695677053013063,0.17578760894936185,0.18492084689562951,0.19480951752854836,0.2030681206296156,0.20773898783513456,0.20787448527668784,0.20379574752599575,0.1969071612119408,0.18914102750909872
0.2847838861955802,0.31379434399627326,0.3210774183215504,0.30746580244538546,0.2751778927775425,0.22816010072566098,0.17343400078167825,0.1215973659909691,0.08462044353445171,0.07155241286880348,0.08505505215267689,0.12077739793647554,0.16941341693257028,0.2200442175616572,0.2630182502939991,0.29139242074148886,0.3012115697951105,0.29144556679253786,0.26414017863352507,0.2246466406168426,0.18114116557170817,0.14282658106108195,0.11741032347395639,0.10922758472449859,0.11862912669808745,0.14233261572938544,0.17446533256819852,0.2081012409743095,0.23677978348001982,0.2555427523243552,0.2615178054001228,0.2543082190208436,0.23617362242485107,0.21163934460343214,0.1863238582308607,0.16541568402818313,0.1525741018257722,0.1495387194358052,0.1561198723927054,0.17030988102357514,0.18863375152551917,0.2068901071134665,0.2211336913339244,0.2285775169494863,0.22818353769471228,0.2208209851719956,0.2089138014758556,0.1956305410219596,0.18393940158854558,0.17597898658872252,0.1729062638540928,0.1749665122732315,0.1815149432197098,0.19101841037951492,0.2012397832314576,0.20972183738840613,0.21446096540244525,0.2145028509997028,0.21020344898103321,0.20303195832871287,0.19499384125193134
0.2927607271775825,0.32237483621011215,0.3297755315136801,0.315797582459729,0.2826932912020561,0.23450778403358621,0.17846785199267315,0.12547752959099828,0.08782022962497216,0.07472896575026307,0.0888447887765687,0.125619385031435,0.17546480449614607,0.22719239353443924,0.27095236713372395,0.29968872619287934,0.30940753717882413,0.2991040308545563,0.27091798226882496,0.2303714455348678,0.18587033789571547,0.14684599972504228,0.12115876324878835,0.11317974292885499,0.12318441319852805,0.14773674962981548,0.18077474962577622,0.21519031449508289,0.24438053938022525,0.26330183064888685,0.26906179324113316,0.2613147253757797,0.2424406714525082,0.21713312965918305,0.19118194932259522,0.16990163934318503,0.157005610793412,0.15421756476556456,0.16127750355340337,0.17607026049236243,0.19499488245141056,0.21372839776085073,0.22823252196159405,0.23567539899931655,0.23503281436779072,0.22724424799075138,0.21484202142989536,0.20110970679024665,0.18910511641410102,0.1810137728230885,0.17799793941904726,0.18027573717605244,0.18715048561809103,0.19701900254977434,0.20756618218474573,0.2162646699201815,0.22106645348055234,0.22101162032900054,0.21649133728869258,0.20903928917105644,0.2007332496345985
0.3005997442550358,0.3308030354432115,0.3383153391044168,0.32397356158806995,0.290063406890919,0.24072864721389617,0.18339807257215449,0.12927774827466487,0.09095841089893748,0.07785184592860053,0.09257625249868155,0.13038758541115125,0.181420452852323,0.23422189320565182,0.27874860148937475,0.30783483763585384,0.31744947757950076,0.30661337427824964,0.277559373880064,0.23597812527839607,0.19050174901638828,0.15078586960980983,0.12483983282484079,0.11706821042683957,0.12767064850142462,0.15305900060304975,0.18698501659193903,0.2221622607722602,0.25184897644340576,0.2709188520406752,0.2764609886786845,0.26818098333996626,0.24857820690606597,0.2225119902890323,0.1959404612803215,0.17430101937270817,0.16135879840958534,0.15882026818066106,0.16635500769289324,0.18174148463977619,0.2012548738663885,0.22045318227687566,0.23520757714858875,0.24264321635624514,0.2417506682257391,0.23353953921662035,0.22064942179224017,0.20647714241577786,0.19416818972110422,0.18595331453511074,0.18299886772834584,0.1854951867836943,0.1926937203788956,0.20292194689795764,0.2137880605695524,0.22269615503763468,0.22755529993257417,0.22740100266145274,0.22265995716974263,0.21492994040734462,0.2063601469220384
0.3083010688095375,0.3390793676320083,0.34669754699377897,0.3319947094515324,0.29729024900578077,0.2468240273242958,0.1882259673111381,0.13299906115881371,0.09403554981577232,0.08092106028434726,0.09624899976390094,0.1350813514266068,0.18727979536438716,0.24113245616617324,0.28640712593507317,0.3158313884683639,0.3253384404109118,0.3139749667618083,0.2840659023613674,0.2414682184640491,0.19503670464742295,0.15464705659925743,0.1284538360068746,0.12089272573041389,0.13208718470590206,0.15829855857653452,0.19309542841792637,0.2290167064865636,0.25918520477365625,0.2783944703687802,0.28371655643726246,0.2749085449103113,0.25458796718101884,0.22777760183061446,0.20060076061928828,0.17861469857223092,0.1656339711447773,0.16334661438427758,0.17135179915983137,0.18732281426445263,0.20741306636882556,0.22706408613170506,0.24205891068838478,0.24948151235872487,0.24833810226788483,0.2397082048852073,0.22633750961128885,0.2117343065798907,0.19912984102894815,0.19079845953844082,0.18790947358746232,0.1906248966018885,0.1981444004895723,0.2087268686917223,0.21990508655048738,0.2290161552997606,0.23392766542851734,0.23367149435610368,0.22871010773545963,0.22070492173996292,0.21187562548752076
0.3158651462833253,0.34720458134903925,0.3549231740157463,0.3398622799669153,0.304374443266539,0.2527954436781169,0.19295296967261027,0.1366426020529972,0.09705230231777416,0.08393674045192584,0.0998627647696693,0.13970026999488416,0.19304254410146376,0.2479241283749043,0.29392842456657037,0.3236793097642045,0.33307574325424033,0.3211904051618067,0.2904392970980056,0.24684340165055285,0.19947662087660933,0.15843053360822987,0.13200120661136688,0.12465321583973199,0.13643359911200648,0.163454887572637,0.19910558659408695,0.23575359787899036,0.26638964502392004,0.28572962146896075,0.2908298997565089,0.28149915105574724,0.2604718333294038,0.23293175050561352,0.20516431493654458,0.18284366679838884,0.16983158539079102,0.1677965843870125,0.17626753675148726,0.19281379489792977,0.21346911033037652,0.23356105016539952,0.24878687727933543,0.256191099719237,0.2547963465689256,0.24575177380390767,0.23190793777992966,0.21688278191257684,0.20399141076525312,0.1955501917309668,0.19273034688436183,0.19566510358209255,0.20350251666984093,0.21443366063888034,0.22591721236024914,0.23522481918248683,0.2401839836229626,0.23982384035119853,0.23464280655943842,0.22636543233516293,0.2172809456490724
0.32329269684924833,0.3551797060180365,0.3629935097686481,0.3475777713261642,0.31131789967159296,0.25864456859459617,0.19758061938836016,0.1402095826351988,0.10000940284605013,0.08689912730967289,0.10341743950229618,0.1442441365258599,0.19870865968122667,0.2545972254434934,0.3013132537223019,0.3313797906416311,0.3406629340556442,0.3282614791472981,0.29668143866200947,0.25210546508485215,0.20382300439276263,0.16213736325716296,0.1354824908808091,0.12834976054734654,0.14070966906224658,0.1685276942225573,0.20501536392992006,0.2423731623482384,0.2734629889929248,0.2929254846001758,0.2978026253234885,0.28795470099433823,0.2662318036786885,0.23797631246298306,0.2096326747159316,0.1869890116261045,0.17395222716921785,0.1721703324825877,0.18110209610387706,0.19821422456461915,0.2194229298825493,0.2399442923545681,0.2553920940236978,0.26277302373122424,0.26112682481950633,0.25167192829672397,0.23736248001899998,0.22192425326737286,0.20875434033733825,0.2002096111757215,0.19746222106110742,0.20061622172259952,0.20876826949857388,0.22004245083791216,0.23182464034892836,0.24132254569693495,0.246324925744373,0.24585900012724785,0.24045925814822178,0.23191283215046232,0.2225775095145257
0.3305846802646526,0.3630060145050684,0.37091007715956537,0.3551428905688166,0.3181224295302514,0.2643732017412366,0.2021105429104964,0.14370127779588182,0.10290765228209359,0.08980855714978886,0.10691305577925662,0.14871293070826397,0.20427832193839293,0.2611522997481327,0.3085626069102597,0.3389342430042249,0.3481017574077172,0.33519014089736854,0.3027943328661023,0.2572562915304901,0.20807743523789038,0.165768682685995,0.13889833189893255,0.13198257412157108,0.14491534931539787,0.17351690032519598,0.21082487293622798,0.24887587408841524,0.2804061644279037,0.299983448647737,0.3046365122918623,0.2942772254323383,0.2718699711743498,0.24291323550123473,0.2140074574139796,0.1910519027433587,0.1779965981227474,0.17646816557097583,0.18585554485254674,0.2035241248010165,0.2252746906206195,0.2462142736449403,0.261875406162759,0.26922852968033595,0.2673311248046406,0.2574704788154583,0.24270300886100996,0.22686048880829193,0.21342015462067573,0.20477791646497334,0.20210595390302738,0.2054788201855636,0.21394204436938835,0.22555357520531816,0.23762779254852567,0.2473099527642695,0.2523513691021112,0.2517781175853502,0.24616082598506636,0.2373486166701164,0.22776683794724514
0.3377422644718734,0.3706849898812533,0.3786745991328884,0.36255952221760773,0.3247899882157037,0.2699832476284532,0.2065444363556861,0.14711901287365436,0.10574792346602192,0.09266544934021145,0.11034976909188667,0.15310679825485052,0.2097519039895192,0.26759011090544965,0.3156776834887864,0.34634427017093694,0.3553941248818461,0.34197847836316064,0.30878008802963736,0.2622978377658586,0.2122415517649187,0.169325690241243,0.14224945577166323,0.1355519889037778,0.14905075169049026,0.17842261817398658,0.21653443743659867,0.2552624233373795,0.287220303663433,0.30690508193168164,0.3113334849880889,0.3004688630548223,0.2773885058358625,0.24774452324411794,0.21829033354997612,0.19503357817834982,0.18196548344488944,0.1806905245980235,0.1905281202828982,0.20874371459811586,0.23102477063722937,0.25237166741230666,0.2682378565764468,0.2755590339410043,0.273410972383854,0.2631493402930981,0.24793147667096926,0.2316933227935133,0.21799044657677616,0.20925638910360445,0.20666251038019112,0.21025360366987209,0.21902438898824544,0.23096755212851772,0.24332728341869503,0.25318784897707186,0.25826436907415684,0.25758249436083336,0.2517490079336991,0.24267439447785555,0.23285055032257007
