0.21158620509692605,0.17893738015180244,0.14984711756630464,0.12406302006132613,0.10134653323005871,0.0814728450967029,0.06423063307842714,0.049421699636959804,0.03686052192817246,0.026373740376396816,0.01779960680875521,0.010987407421132524,0.005796874803585553,0.002097597196641295,-0.0002315635546129187,-0.0013030427704285533,-0.0012211254138351137,-8.247781385141428e-05,0.002023343477019275,0.005013407827506639,0.00881095186154791,0.013344946387111136,0.01854968886033731,0.024364421011726253,0.030732970519651195,0.03760341648125867,0.04492777684323128,0.05266171764303958,0.06076428237632864,0.06919764044270049,0.07792685362884338,0.08691965951345089,0.09614627074078916,0.10557918892617413,0.11519303249888137,0.12496437722907093,0.13487160878355758,0.1448947863122059,0.15501551626065807,0.16521683580565022,0.17548310483142848,0.18579990695358065,0.19615395640083433,0.20653301355720619,0.21692580599905165,0.2273219561806023,0.23771191359085175,0.24808689302517195,0.2584388166622462,0.2687602624371303,0.2790444126995081,0.2892850102847661,0.29947631652163,0.3096130708402539,0.31969045712020044,0.32970406890500426,0.3396498790022196,0.3495242111275632,0.3593237130024016,0.36904533265017064,0.3786862956010431,0.38824408357420354,0.3977164154279983,0.4071012291122318,0.4163966650266987,0.4256010506020804,0.4347128860119353,0.4437308309315778,0.45265369226613417,0.46148041277606977,0.47021006053398184,0.4788418190643083,0.4873749786327787,0.4958089274915118,0.5041431437754645,0.512377189208153,0.5205107017373706,0.528543389507621,0.5364750251168507,0.5443054402952693,0.5520345209761647,0.5596622027308733,0.5671884665421377,0.5746133348919953,0.5819368681420991,0.5891591610555615,0.5962802822243167,0.6033005029741597,0.6102199454768787,0.6170388143379468,0.6237573350329843,0.6303757523523977,0.6368943283691753,0.6433133406885745,0.6496330808411678,0.6558538528095935,0.6619759716800281,0.667999762548636,0.6739255588446382,0.6797537021369402,0.6854845908609537,0.6911184782308932,0.6966557744079448,0.7020968433086302,0.7074420527395446,0.7126917739692932,0.7178463810810269,0.7229062506719255,0.7278717614611154,0.7327432939790698,0.7375212303052554,0.7422059579988994,0.7467978532689814,0.7512973059156351,0.7557047024505138,0.7600204302435929,0.7642448774912131,0.7683784332142185,0.7724214872842121,0.7763744304760193,0.780237654564197,0.7840115523437121,0.7876965178703682,0.7912929465210321,0.7948012351727778,0.7982217823787187,0.8015549885595062,0.8048012562093041,0.8079609901150631,0.8110345975880219,0.8140224887063692,0.8169250765680751,0.8197427775529288,0.822476011592864,0.8251252024496907,0.8276907779993816,0.8301731704711104,0.8325728169441583,0.8348901593471935,0.8371256449587328,0.8392797266635081,0.8413528631005136,0.8433455196088651,0.8452581675814723,0.8470912854115313,0.8488453586420732,0.8505208802735517,0.8521183510695904,0.8536382798602964,0.8550811838425372,0.8564475888766043
0.20458499624299245,0.17299437196991574,0.1448432287870154,0.11988809467250941,0.09789877218872767,0.0786582585197669,0.06196251602989144,0.04762013331273377,0.03545190021218839,0.025290322938847885,0.016979098374383775,0.010372562823317428,0.005335128722283228,0.001740719039104839,-0.0005277925349224943,-0.0015791294144998635,-0.0015141450451491862,-0.00042633316506651177,0.0015976823271114451,0.004477678927313874,0.008139394787569695,0.012514110799050522,0.017538257133546765,0.02315304427532921,0.029304117076487484,0.035941231512784534,0.043017953213272446,0.0504913760835268,0.05832186102467066,0.0664727928356441,0.07491035445725923,0.08360331764955814,0.09252284885714586,0.10164232932954168,0.11093718861704513,0.12038475041968663,0.12996408989251323,0.1396559017442467,0.14944237821769887,0.1593070962258199,0.16923491293703236,0.17921187002366645,0.18922510349898405,0.19926276203524926,0.2093139306650407,0.2193685603952254,0.22941740304591074,0.2394519515549168,0.24946438332085238,0.25944751082999684,0.26939473163154726,0.2792999863748601,0.2891577161379122,0.2989628272345479,0.30871065481267634,0.31839693105954,0.3280177554066624,0.33756956695241247,0.3470491189333688,0.3564534552220735,0.36577988781593485,0.3750259777343381,0.38418951516729966,0.3932685025785261,0.40226113850428025,0.41116580262478775,0.4199810419304835,0.4287055579015997,0.43733819462590057,0.44587792769274126,0.45432385435368494,0.46267518350537595,0.47093122728605685,0.4790913928514388,0.4871551748365685,0.49512214836844787,0.5029919627643988,0.510764334825568,0.5184390443386027,0.526015928207772,0.5334948758607575,0.5408758248271388,0.5481587566444809,0.5553436930689308,0.5624306925689325,0.5694198470822484,0.5763112790179252,0.5831051383580411,0.5898016006137408,0.5964008094978943,0.6029030925732389,0.6093086323594451,0.6156176827187135,0.6218305129849288,0.6279474055827189,0.6339686551468954,0.6398945670782619,0.6457254563487302,0.6514616464115947,0.6571034682099639,0.6626512592768605,0.6681053629209335,0.6734661276395223,0.6787339058704247,0.6839090542838714,0.6889919326435809,0.6939829486244599,0.6988823766032777,0.7036906291824487,0.7084080751416263,0.7130350847456555,0.7175720295317398,0.7220192822684247,0.7263772202372443,0.7306462100983502,0.7348266311304428,0.7389188593783058,0.742923271651404,0.7468402455462669,0.7506701594941768,0.7544133928506987,0.7580703259152456,0.7616413401562421,0.7651268182688039,0.768527144343934,0.7718427040351235,0.7750738847400471,0.7782210757961798,0.7812846686892234,0.7842650572732851,0.7871626380017955,0.7899778101682108,0.7927109761555649,0.7953625416939979,0.7979329161254137,0.8004225126178022,0.8028317486660028,0.8051610460401439,0.8074108312904912,0.8095815359818629,0.8116735969849955,0.8136874567699162,0.8156235635364636,0.8174823721666737,0.8192643435351153,0.8209699454609036,0.8225996528376494,0.8241539479259951,0.8256333206439933,0.8270382688547495,0.8283692986508164
0.198139114427416,0.16752683775074864,0.14024375136841719,0.11605466756992472,0.0947371440457555,0.07608142243950107,0.05989022321865796,0.04597842774199771,0.03417267882303334,0.024310920114182115,0.01624189489005506,0.009824618849683981,0.004927840232492556,0.0014294971555200622,-0.0007838220032060205,-0.001817404029503809,-0.0017689242373014665,-0.0007289400308196151,0.0012186380310215475,0.0039960936563063,0.007531479434767528,0.01175821308811673,0.016614697426599243,0.022043963552133394,0.027993336561307255,0.034414122859552074,0.04126131863089197,0.04849333757041347,0.05607175810451591,0.06396108811814628,0.07212854641923669,0.0805438601610919,0.08917907682738507,0.09800839011334016,0.10700797866016076,0.11615585677691197,0.12543173618477169,0.13481689834709942,0.1442940761934259,0.15384734484918583,0.1634620205423294,0.1731245670631793,0.1828225101257194,0.19254435642083587,0.20227952059963872,0.21201825687535603,0.22175159598069483,0.23147128634850073,0.24116974237259192,0.25083999136462637,0.2604756296339089,0.27007077976389987,0.27962004949281355,0.289118497818372,0.29856159956221096,0.30794521458390595,0.31726555889594493,0.3265191779278774,0.3357029217761158,0.34481392228859115,0.35384957184521765,0.36280750383945193,0.3716855738430006,0.3804818439359857,0.3891945658715094,0.39782216750271276,0.40636323869774227,0.4148165192905472,0.4231808874627231,0.43145534906314564,0.4396390277077222,0.4477311556019211,0.4557310650331371,0.46363818048398686,0.471452011321342,0.4791721450193607,0.48679824087790663,0.4943300242006866,0.5017672810869107,0.5091098526795375,0.516357631671994,0.5235105572549074,0.5305686113370874,0.5375318148693098,0.5444002244426199,0.5511739291419545,0.5578530476372732,0.5644377254957068,0.5709281326994279,0.577324461229333,0.583626923457103,0.5898357494407509,0.5959511856404109,0.6019734429746331,0.607902896505541,0.613739781479403,0.6194843941431327,0.6251370404789902,0.630698034274274,0.6361676967380919,0.6415463554820683,0.6468343437288258,0.6520319995979863,0.6571396654646082,0.6621576873853126,0.6670864145876743,0.6719261989915245,0.6766773950807202,0.6813403587632896,0.6859154481257362,0.6904030225314045,0.6948034425664954,0.6991171102955193,0.7033443069066073,0.7074854406452273,0.7115408677188234,0.7155109570587574,0.7193960741992987,0.7231965854532568,0.7269128579102683,0.7305452595198674,0.7340941591098705,0.7375599265975129,0.7409429330446042,0.7442435508174591,0.7474621537448624,0.7505991172905757,0.7536548187392513,0.7566296373946635,0.7595239547892557,0.7623381549040091,0.765072624397716,0.7677277528447619,0.7703039329805742,0.7728015608917967,0.7752210365204637,0.7775627635630736,0.7798271499792256,0.7820146082044461,0.7841255554256584,0.7861604138592526,0.7881196110311394,0.7900035798894085,0.7918127597616337,0.793547595624731,0.795208539062096,0.7967960483760957,0.7983105888679007,0.7997526331153905,0.8011226612486119,0.8024211612223046
0.19219140229060974,0.16248563306671826,0.13600670508922635,0.11252713229660545,0.09183168089890298,0.07371732610474306,0.05799306694629426,0.04447963125412121,0.03300909838227631,0.023424461691357968,0.015579150233238982,0.009336523892983114,0.0045693555383868115,0.0011593093236111941,-0.001003578780439959,-0.0020214070456385774,-0.001988903260142892,-0.0009939010367845148,0.0008822054249042824,0.003564023711983857,0.006981752203551531,0.011070789507784565,0.01577136687118674,0.021028202693680383,0.026790179031506017,0.03301003902552211,0.039644104015588884,0.04665201035540419,0.053996464167585176,0.061643013440109265,0.06955983627219892,0.077717544403469,0.08608900104020675,0.09464915197603811,0.10337486921718624,0.11224480623027319,0.12123926391774315,0.13034006666937617,0.13953044766679332,0.14879494290999704,0.15811929317641948,0.16749035336174406,0.17689600842648093,0.18632509713654966,0.19576733848061045,0.2052132670760355,0.214654171386368,0.22408203679529765,0.2334894950745426,0.2428697732508131,0.2522166511583659,0.26152441933146225,0.27078783944690316,0.2800021115129606,0.2891628393243601,0.2982660006115956,0.30730791899860005,0.31628523804616276,0.3251948972224653,0.3340341096544497,0.34280034152512184,0.35149129299238235,0.3601048804144844,0.36863922051024145,0.37709261395110655,0.3854635329203221,0.39375060683348867,0.40195261080944844,0.41006845437873696,0.41809717111145456,0.42603790900250854,0.4338899215585842,0.4416525595354456,0.4493252632781051,0.4569075556199872,0.46439903530056903,0.47179937086402574,0.47910829500424434,0.4863255993241775,0.49345112947990677,0.5004847806820092,0.5074264937196875,0.5142762503329843,0.5210340708048725,0.527700009874283,0.5342741538761324,0.540756617914922,0.5471475432529557,0.5534470948983289,0.5596554593789131,0.5657728426895722,0.5717994682775448,0.5777355757955293,0.5835814187575565,0.5893372635656094,0.5950033880367056,0.6005800332239324,0.6060675905680863,0.6114663176934146,0.6167765267557405,0.6219985359912873,0.6271326695590101,0.6321792559277385,0.637138627862169,0.6420111217112476,0.6467970769104222,0.6514968355412756,0.6561107419187215,0.6606391423626742,0.6650823847400154,0.6694408183348923,0.6737147936137355,0.6779046620586108,0.6820107762000203,0.686033488865316,0.6899731579738657,0.693830130256049,0.697604801408172,0.7012974537772603,0.7049084811158314,0.7084382408398989,0.7118870912293692,0.7152553915852723,0.7185435022824441,0.7217517849208179,0.7248806024753198,0.7279303194597597,0.730901302103637,0.7337939185408051,0.7366085390090142,0.7393455360593714,0.7420052847748451,0.744588162932736,0.747094551492369,0.7495248344599322,0.7518793993822287,0.7541586375371926,0.7563629441898545,0.7584927188520759,0.7605483655454168,0.7625302930665263,0.764438915254462,0.76627465108638,0.7680379256390558,0.7697291693206813,0.7713488188323818,0.7728973172640449,0.7743751143619038,0.7757826667944038,0.7771204384158703,0.7783889005275367
0.1866918333984277,0.15782776941309426,0.13209538832461834,0.10927437588036641,0.0891562097418285,0.0715441329001133,0.05625298894965115,0.043108946361333875,0.031949143307525116,0.022621271077722514,0.01498311754661889,0.008902083146293018,0.00425468344611114,0.0009260471924211443,-0.0011905843869132286,-0.0021943455966296557,-0.002177224597873853,-0.0012245231257201165,0.0005847013431609059,0.0031772170997076757,0.006485215500438086,0.0104459351247931,0.015001305469723548,0.020097612077830545,0.025685182686829174,0.03171809435563744,0.038153898841554665,0.04495336743305764,0.052080253007903275,0.05950106891395874,0.06718488347362069,0.07510312929773033,0.08322942642759112,0.0915394184315618,0.10001062057392279,0.10862227918514605,0.11735524157372534,0.12619183565995667,0.13511575858909933,0.14411197365649864,0.1531666152477012,0.16226690058891205,0.17140104848362853,0.18055820442469553,0.1897283700901536,0.19890233978536326,0.20807164078053547,0.21722847796951208,0.22636568453293932,0.23547667270438882,0.24455539180172045,0.2535962880048254,0.26259426577458966,0.27154465553226714,0.28044318045252,0.2892859273519547,0.29806931942884424,0.30679009102967986,0.3154452642884755,0.3240321274967402,0.332548215073074,0.3409912890115313,0.34935932159217514,0.35765047988118115,0.3658631103517294,0.3739957257678109,0.3820469918798164,0.3900157163756269,0.39790083790776054,0.4057014154778169,0.4134166195269834,0.42104572315852407,0.4285880941021952,0.4360431872647524,0.4434105378239444,0.4506897548265769,0.45788051525424056,0.4649825585230327,0.47199568138613746,0.4789197332104612,0.4857546116006776,0.49250025834602373,0.49915665566701645,0.5057238229394718,0.5122018126783202,0.518590708775018,0.5248906229329698,0.5311016923316764,0.5372240772797434,0.5432579590487611,0.5492035378756238,0.555061031121773,0.5608306715786503,0.5665127057888667,0.5721073930986733,0.5776150036177224,0.583035817503273,0.5883701237392057,0.593618219133208,0.5987803634480184,0.6038569548840195,0.6088482641284069,0.6137546109656531,0.6185763192242952,0.6233137160709297,0.6279671321659227,0.63253690023964,0.637023355490254,0.6414268348842378,0.6457476770176069,0.6499862218374867,0.6541428104407873,0.6582177849100255,0.662211488183867,0.6661242641005448,0.6699564567708067,0.6737084113774678,0.6773804773835876,0.6809729935069667,0.6844863106209671,0.6879207765005231,0.6912767397429247,0.6945545498626294,0.697754557403146,0.7008771140647402,0.7039226042762384,0.7068913191461074,0.7097836466683507,0.712599944723225,0.7153405731839362,0.7180058941162996,0.720596271918458,0.7231120738079722,0.7255536696439965,0.7279214324205591,0.7302157384366235,0.7324369675360792,0.7345855033519668,0.7366617335543142,0.7386660501009772,0.7405988494909062,0.7424605330192922,0.7442515068570884,0.7459721830161061,0.7476229785449812,0.7492043164943653,0.7507166259968397,0.7521603425226595,0.7535359081339699,0.7548437717370577,0.7560843701213743
0.18159649465721522,0.15351553015774042,0.12847761550703035,0.10626912511371712,0.08668779522580158,0.06954271318543975,0.0546541711931485,0.0418534097067571,0.0309822819253314,0.021892857677313044,0.014446986513853032,0.008515833630316567,0.003979401435807831,0.0007260460060851195,-0.0013480060318650268,-0.0023391285616924315,-0.002336758614767353,-0.0014238409808747902,0.0003227437333317325,0.002831773879421434,0.006037296299981492,0.009878262162172326,0.014298181353872931,0.019244797498337535,0.02466978379246156,0.030528458079066144,0.0367795168059984,0.04338478694326893,0.050308994986649716,0.057519552060012406,0.0649863543442763,0.07268159774189388,0.08057960600516059,0.08865667140465339,0.09689090715499678,0.10526211072348544,0.11375163729405409,0.12234228273287251,0.1310181753051949,0.1397646754276362,0.1485682830949424,0.15741655247345687,0.16629801204227226,0.1752020925791568,0.18411905810197568,0.19303994416608622,0.20195649941472021,0.21086113364158,0.2197468660224349,0.22860728091272578,0.23743648518279192,0.2462290695980805,0.2549800706181796,0.26368493978691243,0.2723395113066701,0.28093997304358836,0.2894828405458663,0.29796493234457283,0.3063833472148003,0.3147354431207987,0.32301881771764296,0.331231290291896,0.33937088492292106,0.3474358154237623,0.35542447032362956,0.36333539999902364,0.3711673043661749,0.3789190209155759,0.3865895149231807,0.39417786897409823,0.40168327446133006,0.4091050224466355,0.4164424963002755,0.42369516433136856,0.43086257306289977,0.43794434099743973,0.4449401528381179,0.4518497541320917,0.4586729463062049,0.46540958206680433,0.4720595611377788,0.4786228263128124,0.4850993597996428,0.49148917983574064,0.4977923375563561,0.5040089143013289,0.5101390181125902,0.5161827825051489,0.5221403633419156,0.528011936934812,0.5337976980983361,0.5394978583559136,0.545112644288616,0.5506422960165737,0.5560870658041034,0.5614472166623081,0.5667230216501173,0.5719147620913534,0.5770227270725844,0.5820472126196242,0.5869885201448246,0.5918469568300802,0.59662279285677,0.6013164269333235,0.605928136146561,0.610458242331187,0.6149070699775216,0.6192749454366493,0.6235621974407946,0.6277691557834153,0.6318961517460644,0.635943517734852,0.6399115871186539,0.6438006941010394,0.6476111736236844,0.6513433614429853,0.6549975935166192,0.6585742068473744,0.6620735426580294,0.6654959315551736,0.6688417161978396,0.672111236224232,0.6753048321441373,0.6784228454447992,0.6814656187120463,0.6844334957655425,0.6873268218070352,0.6901459435805823,0.6928912095437559,0.6955629700488863,0.6981615775334743,0.7006873866423796,0.7031407547362377,0.7055220416570658,0.7078316102415225,0.7100698264726708,0.7122370597089682,0.7143336829173068,0.7163600729094856,0.7183166105815582,0.7202036811554995,0.722021674422665,0.7237709849885431,0.7254520125183159,0.7270651619827666,0.728610843904072,0.7300894746010638,0.7315014764335239,0.7328472780451166,0.7341273146045448,0.7353420280445597
0.17686672602535264,0.14951572465826574,0.12512507475014437,0.10348739803571902,0.08440627572178773,0.06769625373090118,0.053182711622786046,0.040701625658915414,0.03009925121201958,0.021231745349294916,0.013964749042336438,0.008172941670709907,0.003739578790699024,0.0005560281056587561,-0.001478697392575043,-0.0024583966788403154,-0.0024701268992146225,-0.0015946342968967964,9.323144267526368e-05,0.002524121532147844,0.005633814840713295,0.009362858928019979,0.01365623699079238,0.018463052229159196,0.02373623186977558,0.029432250447734135,0.035510871302058135,0.041934905277665406,0.04866998616051903,0.0556843616701873,0.06294869934489669,0.07043590623230142,0.07812096166474751,0.0859807622150903,0.09399397807852619,0.10214092003297917,0.11040341625917999,0.11876469841879378,0.1272092962377918,0.1357229397758385,0.14429246975098653,0.15290575356686503,0.1615516082627468,0.17021973008984037,0.17890062723257527,0.1875855597644382,0.1962664826729155,0.20493599537502138,0.21358729112397618,0.2222141140540989,0.23081071758915983,0.23937182674359758,0.24789260118797798,0.25636860512944437,0.2647957755765311,0.27317039423697664,0.28148906288994646,0.28974867815728045,0.2979464100257415,0.3060796811844528,0.3141461480222348,0.322143683026853,0.3300703583660447,0.33792443123963456,0.3457043291977891,0.3534086376271006,0.3610360876163227,0.368585544815143,0.37605599923975475,0.38344655516722465,0.39075642306095704,0.39798491080804677,0.4051314161002822,0.4121954198602911,0.41917647894046606,0.42607422053945815,0.4328883364444811,0.43961857780863,0.44626475031045454,0.452826709668475,0.459304357485368,0.46569763739842984,0.47200653151466526,0.47823105711044905,0.4843712635771946,0.4904272295958194,0.4963990605240705,0.5022868861891596,0.5080908578205041,0.5138111472589376,0.5194479442046921,0.5250014546830594,0.530471899433445,0.5358595124277792,0.5411645395095337,0.5463872371451916,0.5515278713506917,0.5565867163672464,0.5615640541217752,0.5664601730830183,0.5712753675401453,0.5760099368874587,0.5806641849785046,0.5852384195449886,0.5897329516762545,0.5941480565316574,0.5984841286904555,0.6027414474490461,0.6069203331990198,0.6110211078647017,0.6150440946709247,0.6189896177756735,0.6228580028008502,0.6266495756712912,0.6303646632074569,0.6340035928858956,0.637566692945403,0.6410542917843064,0.6444667188449411,0.6478043040588684,0.6510673816631201,0.6542562757102289,0.6573713220897264,0.660412853935834,0.6633812054325425,0.6662767119422163,0.6690997101467457,0.6718505382002201,0.6745295358921576,0.677137044820388,0.6796734085727159,0.6821389729165419,0.6845340859066837,0.6868590984403833,0.6891143639450572,0.691300238935562,0.6934170831479968,0.6954652597620564,0.6974451356266491,0.6993570814882422,0.7012014722213992,0.7029786870610276,0.7046891098358595,0.7063331292027072,0.7079111388810659,0.7094235377036113,0.7108707305864621,0.712253127658029,0.7135711452272514,0.7148252058299133,0.7160157384570757
0.17246839217886528,0.1457990579375847,0.12201278626143819,0.10090804169884768,0.08229387269429271,0.06598993032109958,0.051826352662421804,0.03964354434345704,0.02929187705862397,0.02063132965331152,0.01353108776677536,0.00786911563849724,0.0035317106168250394,0.00041305532345556686,-0.0015852337825373423,-0.002554548937914434,-0.0025797233469458843,-0.0017394489617927264,-0.00010667846252679011,0.002250990637380129,0.005270953663032936,0.008895249795116144,0.013070238540114559,0.017746292632956025,0.022877510570316506,0.028421447021217384,0.03433886150389394,0.040593483508989434,0.04715179385758459,0.053982821306758536,0.061057953436273626,0.06835076108780844,0.07583683549780362,0.08349363723694142,0.0913003562803503,0.09923778239183673,0.10728818513823482,0.11543520278152045,0.12366373951260831,0.13195987057449918,0.14031075406415763,0.14870454982553577,0.15713034397343167,0.16557808037413643,0.17403849489812123,0.18250305697782826,0.1909639139962182,0.19941384216152597,0.2078461970080493,0.21625487160481363,0.22463425598153292,0.2329792003539229,0.24128497902022478,0.24954726112911718,0.2577620795104478,0.26592580385598,0.2740351154966163,0.28208698390591214,0.29007864578866027,0.2980075837034839,0.305871508822782,0.3136683431405067,0.3213962035622696,0.329053387641853,0.3366383592118724,0.34414973620171385,0.35158627878952275,0.358946878530139,0.36623054827713897,0.37343641284034146,0.38056370045631616,0.38761173423053685,0.39457992548661275,0.4014677663335006,0.40827482339930354,0.4150007317664032,0.4216451899995064,0.4282079542589077,0.43468883409992976,0.4410876879638273,0.4474044191210218,0.45363897191319863,0.45979132827316377,0.4658615045028802,0.4718495482915777,0.4777555359571472,0.483579569895261,0.4893217762218047,0.49498230259524645,0.5005613164145122,0.5060590021243192,0.5114755607805718,0.5168112076189033,0.5220661710109605,0.5272406903896157,0.5323350161467448,0.5373494077718051,0.5422841330160793,0.5471394668463976,0.5519156910521352,0.5566130927869684,0.5612319643287484,0.565772602332917,0.5702353072642615,0.5746203828877352,0.5789281357671169,0.5831588750577814,0.5873129118506135,0.5913905227075147,0.5953920952382897,0.5993179083537352,0.6031682788684395,0.6069435245328847,0.610643963908123,0.6142699162702399,0.6178217013640568,0.6212996402232641,0.6247040534909818,0.6280352630226609,0.631293591144776,0.634479360846558,0.6375928958429034,0.6406345241588992,0.6436045641369821,0.6465033457800973,0.6493311966500567,0.6520884455750499,0.6547754227952136,0.6573924601183521,0.6599398910849161,0.6624180511413997,0.6648272778213555,0.6671679108354324,0.66944029265213,0.6716447681241504,0.673781685070091,0.6758513943897959,0.6778542502764968,0.6797906102450244,0.6816608360975783,0.6834652930217876,0.6852043505599181,0.6868783826445982,0.688487767822174,0.6900328894764025,0.6915141360520913,0.6929319012783159,0.6942865843908681,0.6955785903535855,0.69680833007825,0.6979762206427174
0.16837126867712027,0.14233960020338862,0.11911864528927069,0.09851234241950733,0.0803348606076432,0.06441063276484699,0.050574253482343234,0.0386702751423324,0.028552924208565186,0.020085758491924097,0.013141282737093255,0.0076005369037608905,0.0033526662292459562,0.0002944886441419818,-0.001669942216777475,-0.0026297657918807303,-0.002667733515704169,-0.0018606148372691637,-0.00027958703919589434,0.0020093912139839097,0.004945227825948164,0.00847134464737313,0.012535427850933943,0.017088998984297835,0.022087265156504568,0.027488791458309125,0.03325526920442379,0.03935128710191969,0.04574411818909981,0.05240352161919033,0.0593015583131001,0.06641241983620709,0.07371226954109533,0.08117909531840029,0.08879257309312552,0.09653394045055216,0.10438587950107797,0.11233240851596635,0.12035878200801985,0.12845139735626446,0.1365977095692217,0.14478615171669867,0.15300606135938996,0.1612476136768233,0.1695017572871953,0.17776015676361107,0.18601514054778678,0.1942596486682114,0.20248718866003607,0.21069179269834773,0.21886797836112598,0.22701071278222656,0.23511537727774978,0.24317773896456546,0.25119392021851106,0.25916037251142876,0.26707385177997195,0.27493139562283736,0.2827303021877306,0.2904681104690058,0.2981425828063659,0.3057516872005104,0.3132935823869395,0.3207666032771021,0.3281692476330778,0.33550016369513197,0.34275813872627947,0.34994208839183644,0.35705104691445,0.3640841579473553,0.3710406661130119,0.3779199091583053,0.38472131081162286,0.39144437351646155,0.3980886729655829,0.4046538517790965,0.4111396142626397,0.4175457214263114,0.4238719862284753,0.43011826985359236,0.4362844769161277,0.4423705523412925,0.44837647782632495,0.4543022686918199,0.46014797096758464,0.4659136586966232,0.47159943144206623,0.4772054119829494,0.4827317441857979,0.48817859103988154,0.49354613284492727,0.49883456593359965,0.5040440995538192,0.509174956836873,0.5142273719005926,0.5192015890584768,0.5240978617273426,0.5289164514282787,0.5336576268746733,0.5383216630292055,0.542908840799551,0.5474194456764773,0.5518537675692162,0.5562121001356621,0.5604947402839062,0.5647019876769998,0.5688341445476662,0.5728915150278475,0.576874405067238,0.5807831221137744,0.5846179403569218,0.5883792391061717,0.5920672941307323,0.595682416975716,0.5992249198980085,0.6026951157983699,0.6060933181787191,0.609419841122869,0.6126749992691582,0.6158591079540392,0.6189724830707912,0.6220154412516467,0.6249882999119334,0.6278913773401811,0.6307249961861435,0.6334894699724586,0.6361851237327669,0.6388122804089262,0.6413712644521694,0.64386240198061,0.6462860209448155,0.6486424513006598,0.6509320248928322,0.6531550768183529,0.6553119438575034,0.6574029658364473,0.6594284855356247,0.661388848892133,0.663284405204989,0.665115507342802,0.6668825119533643,0.6685857796747456,0.6702256753474505,0.6718025682272553,0.6733168321983483,0.6747688459864247,0.676158993371389,0.6774876633993514,0.6787552505936157,0.6799621551643473,0.681108783216664
0.1645485153295107,0.13911433205861057,0.11642303503471657,0.09628369695388272,0.07851529014556714,0.06294673229822804,0.04941679815654962,0.03777393001709718,0.02787596981008594,0.01958983166558197,0.012791132910926466,0.007363795200350007,0.0031996416983400625,0.0001979536889066963,-0.0017349276476382666,-0.002686029674873698,-0.0027361524248998327,-0.001960263023517768,-0.00042787464194654276,0.0017965907882496815,0.004653456826124884,0.008087455278314708,0.012047478465498931,0.016486160966793888,0.02135973632547377,0.02662771658791995,0.0322526660057825,0.03819997824698951,0.04443766851689673,0.050936180166183745,0.05766820486470223,0.06460851554818106,0.07173381143878245,0.07902257428572523,0.08645493511467392,0.09401255084921964,0.10167848985575184,0.10943712652731818,0.11727404291011656,0.12517593828704715,0.13313054555849507,0.14112655356567766,0.14915353547679322,0.1572018822547632,0.16526274238080446,0.1733279632233932,0.18139004143086518,0.18944207152901088,0.1974777028685506,0.20549109779707336,0.2134768932088274,0.22143016513927877,0.22934639639622542,0.23722144432712344,0.2450515155110482,0.25283313788710515,0.2605631371421646,0.2682386144203778,0.2758569256837995,0.2834156625991754,0.29091263483561053,0.29834585366678085,0.3057135166263848,0.31301399404972824,0.3202458150962746,0.3274076562951147,0.3344983301764585,0.34151677488936766,0.3484620445749551,0.35533330044168066,0.3621298026471766,0.3688509020012301,0.37549603379287316,0.3820647105677848,0.38855651617100023,0.39497110005525105,0.40130817211630854,0.4075674976852739,0.4137488931035387,0.4198522215154964,0.42587738899109023,0.4318243407874819,0.4376930586063005,0.4434835566401348,0.4491958793025964,0.4548300984461783,0.4603863109233555,0.4658646363323741,0.4712652151205724,0.47658820592052886,0.481833784888168,0.48700214332855685,0.4920934863758686,0.49710803181084917,0.5020460079725062,0.5069076538312765,0.5116932170832069,0.5164029533839188,0.5210371254559825,0.5255960022757546,0.5300798583344,0.5344889728586776,0.5388236296451233,0.5430841158544235,0.5472707219650581,0.5513837411728751,0.5554234692272373,0.5593902037460039,0.5632842441544442,0.5671058913666531,0.5708554475652354,0.5745332160158776,0.5781395009144384,0.5816745748734032,0.5851388088169628,0.5885324762907737,0.5918558842589816,0.5951093402671154,0.598293152442691,0.6014076295155135,0.6044530808272589,0.6074298165040299,0.610338147350046,0.6131783850526641,0.6159508422510662,0.6186558326473481,0.6212936711288276,0.623864677092459,0.6263691617508907,0.6288074476396066,0.6311798558020245,0.633486709215016,0.6357283329602246,0.6379050540873632,0.6400172030447713,0.6420651120006906,0.6440491162706223,0.6459695542023856,0.6478267673718296,0.6496211007807718,0.6513529030567183,0.6530225266539496,0.6546303280555841,0.6561766679762467,0.6576619115650005,0.6590864286082139,0.6604505937320638,0.6617547866043737,0.6629993921355233,0.6641848006781638,0.6653114082254837
0.16097623395505925,0.1361027632153327,0.113908498086106,0.09420733300797371,0.07682275247604996,0.06158788551460892,0.048345433039303845,0.036947490878974545,0.02725529644233713,0.019138915894423843,0.012476889658598212,0.007155847815430279,0.0030701210928866483,0.00012131096907658928,-0.0017820959484955087,-0.0027251439619407,-0.0027868009357610024,-0.0020403420713470816,-0.0005537183051523252,0.0016100903837567987,0.004392738197516087,0.007740197751123085,0.011602454802762709,0.015933227704838307,0.020689700462471323,0.02583227341201992,0.03132433019455008,0.037132019755509824,0.04322405366584231,0.04957151723299869,0.0561476938816253,0.0629279019825024,0.06988934345857564,0.07701096333172353,0.08427331952164102,0.09165846228052435,0.09914982232726458,0.10673210783352446,0.11439120819949528,0.12211410588182132,0.12988879423103145,0.13770420196432123,0.1455501229424353,0.1534171511191547,0.16129662166571135,0.16918055352714645,0.1770616010560792,0.18493300357696071,0.19278854339578605,0.2006225047896889,0.20842963649795448,0.21620511700396006,0.2239445229813124,0.23164379755521514,0.239299225763247,0.24690740716848514,0.254465232782364,0.2619698632548182,0.2694187086792833,0.27680940989041786,0.28413982099901325,0.29140799391921784,0.2986121626392409,0.3057507300271253,0.31282225491089755,0.31982544024248466,0.3267591222107631,0.3336222601100381,0.3404139263572039,0.3471332987092167,0.35377965151350577,0.3603523483619526,0.366850835128577,0.3732746335140904,0.3796233350605132,0.38589659560184175,0.39209413011932653,0.3982157079477917,0.40426114845285943,0.4102303167877144,0.41612312019447023,0.4219395044631792,0.4276794506748454,0.43334297203434957,0.438930111683807,0.4444409392158851,0.44987554907212296,0.45523405744664847,0.4605166013544639,0.4657233360119574,0.4708544332846549,0.47591008008686736,0.4808904769080349,0.48579583645716107,0.4906263826225201,0.49538234849738294,0.5000639765963265,0.504671517044436,0.5092052269189062,0.5136653693801239,0.518052213238625,0.5223660318599399,0.5266071028252876,0.5307757074860563,0.5348721302420467,0.5388966582188387,0.5428495810845154,0.546731190349963,0.55054177932781,0.5542816428145997,0.5579510768741762,0.5615503786551299,0.56507984624002,0.5685397785241999,0.5719304751222498,0.5752522055126582,0.5785053325586198,0.5816901265163268,0.5848068894290585,0.5878559239425492,0.5908375333407343,0.593752021597902,0.5965996934181879,0.5993808544293571,0.6020958111063439,0.6047448709921794,0.6073283427856981,0.6098465364681758,0.6122997634389429,0.6146883366591541,0.6170125708029103,0.6192727853431177,0.6214692929340385,0.6236024172233525,0.6256724816273123,0.6276798117336417,0.6296247357958697,0.6315075855723907,0.633328695342219,0.6350884028739142,0.6367870494207428,0.6384249799121231,0.64000254314593,0.6415200919813291,0.6429779835318152,0.6443765793581689,0.64571624566104,0.6469973534729091,0.648220278849186,0.6493854030581981,0.6504931127698769
0.15763308880449828,0.1332866053305267,0.11155945653138818,0.0922700726203419,0.07524617924213728,0.06032486714899837,0.04735252912758156,0.036184697069602395,0.02668580150896183,0.018728872815939976,0.01219520070524354,0.006973963199342747,0.0029618428808281597,6.262995065608665e-05,-0.0018131741819725732,-0.002748749327622882,-0.002821340840010459,-0.0021026331621026885,-0.0006591085960440703,0.0014476084512059437,0.004160422997394678,0.007426461762808104,0.01119677505720526,0.01542606311845849,0.020072415464427937,0.025097067426036027,0.030464172556341283,0.03614058962129391,0.04209568457481163,0.04830114595287593,0.054730813211391414,0.06136051720673293,0.06816793217422772,0.07513243838440851,0.08223499480988108,0.08945802111984308,0.09678528867816749,0.10420181893068572,0.11169379009643608,0.11924845048910906,0.12685403819279034,0.13449970717320137,0.14217545852911342,0.14987207684266332,0.15758107258411785,0.1652946258087373,0.17300553893301646,0.1807071872239474,0.18839347778425491,0.19605880937943937,0.2036980357150644,0.21130643146231132,0.21887966131928605,0.22641374893697103,0.233905052971367,0.2413502401836422,0.2487462626877802,0.2560903373079695,0.2633799247248726,0.27061271187886815,0.27778659482458806,0.2848996630150651,0.2919501847413145,0.29893659363958114,0.3058574763645353,0.3127115603086004,0.31949770389713444,0.3262148859426641,0.3328621965606942,0.33943882871875974,0.3459440701439284,0.352377296071729,0.35873796239906947,0.365025599359769,0.3712398056604827,0.37738024304372214,0.3834466312471828,0.3894387433309069,0.39535640134594585,0.4011994723257134,0.40696786451217537,0.41266152407100076,0.41828043168650075,0.42382459973956066,0.4292940695698568,0.434688908828347,0.4400092093133121,0.4452550846892546,0.4504266685183299,0.45552411241568447,0.46054758434778065,0.46549726706394795,0.4703733566520682,0.4751760612099674,0.4799055996246803,0.48456220069757366,0.48914610108754314,0.4936575459540653,0.4980967871623624,0.5024640824501767,0.5067596949889486,0.5109838926627406,0.5151369474867995,0.5192191350839869,0.5232307341744692,0.5271720262589761,0.5310432952526135,0.534844826932624,0.5385769088764967,0.5422398301447866,0.5458338810680695,0.5493593530672014,0.5528165385046403,0.5562057305646844,0.559527223160657,0.5627813108671563,0.5659682888756135,0.5690884236961185,0.5721420706616521,0.575129497075343,0.5780510005616725,0.5809068794346163,0.5836974327614252,0.5864229604399233,0.5890837632617957,0.591680143120784,0.5942124029616901,0.5966808470110392,0.5990857808789859,0.6014275116967447,0.6037063482610332,0.6059226011848051,0.6080765830535783,0.6101686084452638,0.6121989946555352,0.6141680610368595,0.6160761297185281,0.617923528172266,0.619710579219805,0.6214376165701766,0.6231049744956992,0.6247129914004481,0.6262620088144906,0.6277523723695371,0.6291844317843304,0.6305585410479756,0.6318750586028872,0.6331343475271335,0.6343367757159658,0.6354827160623243,0.636572546833878
0.1544999826229921,0.13064949307968743,0.10936197508955925,0.09046012803160314,0.07377567209519123,0.05914942789327432,0.046431264616431905,0.035479949532346775,0.026162919931364756,0.018355997322662455,0.011943059765511896,0.006815683335161242,0.0028727708824716515,2.016663364191873e-05,-0.001829728554334116,-0.0027583391127804884,-0.002841288727126707,-0.0021487642191135234,-0.0007458653099751203,0.0013070596596011924,0.00395409317905681,0.007143448324092583,0.010827177441684425,0.014960904938239546,0.019503572620216687,0.024417201681887192,0.029666670274633898,0.035219505148743675,0.04104568809872867,0.04711747530619089,0.05340922944748777,0.05989726360490646,0.0665596964213923,0.07337631768519731,0.08032846361272855,0.08739890175647298,0.09457172345891639,0.10183224519242338,0.10916691678678989,0.11656323663412699,0.12400967301668865,0.131495591757264,0.13901118887396424,0.14654742849972785,0.15409598514680176,0.16164919117916632,0.16919998797649446,0.1767418786230964,0.1842688875660782,0.19177552120192742,0.1992567319129857,0.20670788477142416,0.21412472724568477,0.22150335865258666,0.22884020683278267,0.23613200169180681,0.24337575293676889,0.25056872977591255,0.257708440637631,0.2647926157429087,0.27181919040012614,0.2787862897505195,0.28569221380326687,0.29253542524955234,0.2993145365121444,0.306028298562242,0.3126755903791718,0.31925540920601136,0.32576686148954337,0.3322091544676953,0.3385815884932033,0.344883549667648,0.35111450325559856,0.3572739874579423,0.3633616076619536,0.36937703111003267,0.3753199819569439,0.3811902366876564,0.38698761986996955,0.3927120002180566,0.3983632869448194,0.4039414263826021,0.409446398853329,0.4148782157705191,0.4202369169516299,0.4255225681565932,0.43073525876356134,0.43587509966592697,0.44094222130814065,0.44593677187648145,0.450858915630054,0.4557088313624196,0.4604867109849667,0.46519275822375084,0.4698271873408385,0.47439022269968845,0.47888209581696173,0.48330304715151196,0.48765332339058454,0.49193317720302654,0.49614286657519185,0.5002826541497948,0.5043528066554087,0.5083535943926861,0.5122852907735276,0.516148171846144,0.5199425161516517,0.5236686041580818,0.5273267180139728,0.530917141394275,0.5344401592502109,0.5378960576322934,0.5412851235437096,0.5446076448219951,0.5478639100470205,0.5510542084734642,0.5541788299860249,0.557238065075743,0.5602322048359012,0.5631615409760379,0.5660263658527264,0.5688269725158065,0.5715636547688766,0.5742367072140074,0.5768464254541428,0.579393080567742,0.5818770214827644,0.5842985213129028,0.5866578802891763,0.5889554001560592,0.5911913842833801,0.5933661378103838,0.5954799677950836,0.597533183216665,0.5995260957335315,0.6014590189547929,0.6033322691916562,0.6051461654795312,0.6069010297472408,0.6085971869879083,0.6102349654311302,0.6118146967161037,0.6133367185261439,0.6148013648597617,0.6162089811492203,0.6175599144116252,0.6188545159432105,0.6200931414923099,0.6212761514315571,0.6224039109291273,0.6234767901188782
0.15155977923231412,0.12817674532575785,0.10730355428503677,0.08876692958675148,0.07240235691494729,0.05805417308604175,0.045575524628172916,0.034828228881003453,0.025682558035002453,0.01801696496608927,0.011717767967741894,0.006678804003193317,0.0028010689812059952,-7.656285289692893e-06,-0.0018331803740461936,-0.002755272868456681,-0.002848028709208819,-0.0021802229837757717,-0.0008156521274801376,0.0011865383498567417,0.0037715408135092013,0.006888592291355793,0.010490689575182316,0.014534328117542489,0.01897925296688785,0.023788225953325914,0.028926808091412966,0.034363155650191136,0.040067830739275105,0.046013624451691826,0.05217539248852011,0.05852990231275581,0.06505569129925898,0.07173293508074148,0.07854332537512693,0.08546995725133195,0.09249722373430318,0.09961071915017826,0.10679714919158605,0.11404424777466038,0.12134070015274107,0.12867607156088928,0.1360407416505966,0.1434258434079353,0.15082320658745735,0.15822530623992642,0.1656252148521854,0.17301655587385348,0.18039346422236346,0.18775054764015153,0.1950828514094497,0.20238582570024763,0.20965529590451581,0.21688743255333318,0.22407872842775906,0.23122597320671429,0.2383262307638434,0.24537681933707026,0.2523752923381274,0.25931942074206743,0.26620717692606943,0.27303671895087683,0.2798063774703997,0.28651464214807904,0.29316014978501626,0.2997416731751579,0.30625811077741444,0.3127084771279123,0.3190918939780547,0.32540758205149695,0.33165485341433687,0.33783310437038794,0.3439418090082914,0.34998051295238053,0.3559488278294216,0.36184642600975797,0.3676730357568131,0.3734284367303887,0.379112455818425,0.38472496327382055,0.39026586913463074,0.39573511990758115,0.4011326954963203,0.4064586063850612,0.4117128908940637,0.4168956129124481,0.422006859532651,0.4270467389622746,0.43201537873735,0.43691292374193613,0.4417395346177485,0.4464953865749874,0.4511806674672913,0.45579557687071687,0.4603403248185073,0.4648151309870269,0.46922022263707397,0.4735558353351017,0.4778222109998641,0.4820195975539754,0.48614824805110207,0.49020842018231414,0.4942003756844929,0.49812437983588564,0.5019807010035988,0.5057696101729305,0.5094913808642506,0.5131462883486253,0.5167346098269419,0.5202566238705084,0.5237126103767111,0.5271028503543377,0.5304276257790197,0.5336872194763383,0.5368819150306742,0.5400119967179728,0.5430777494607123,0.5460794588034755,0.5490174109075938,0.551891892563438,0.554703191219005,0.5574515950235259,0.5601373928848894,0.5627608745397538,0.5653223306066596,0.56782205279414,0.5702603338269375,0.5726374676752617,0.5749537258619031,0.5772094531003094,0.579404923578392,0.5815404373817028,0.5836162964680653,0.5856328046527651,0.5875902684000274,0.5894889960266244,0.5913292984853828,0.5931114893694581,0.5948358850733636,0.5965028049554781,0.5981125715016726,0.5996655104897207,0.6011619536376771,0.6026022287755645,0.6039866750900703,0.6053156331767576,0.6065894477475932,0.6078084677947866,0.6089730467538879,0.6100835426659748,0.6111403183388256
0.1487970651661827,0.12585516006479006,0.10537295700770764,0.08718097682551795,0.07111825877443012,0.05703245816224192,0.04477981485783188,0.03422502515335408,0.02524103678758614,0.01770878713222669,0.0115168961483554,0.00656133652747775,0.002745079287880651,-2.2266819126027376e-05,-0.0018248202648634658,-0.0027407886860572744,-0.0028428241264245833,-0.0021983690790665575,-0.0008699900581657927,0.0010843027175109904,0.003610749085475075,0.0066595524395510405,0.010184600876450858,0.014143211864035866,0.018495888458710003,0.023206091399064856,0.028240026073658435,0.033566442770539495,0.03915645117428631,0.04498334709634695,0.05102245142035729,0.057250960317494166,0.06364780622433439,0.07019352879581042,0.07687015513473694,0.08366108928372643,0.09055100886066049,0.09752577029703187,0.104572320637994,0.11167861600055087,0.11883354616486583,0.12602686457327728,0.13324912402902095,0.14049161676490737,0.14774631922957743,0.15500584015984517,0.16226337654522596,0.1695126650365093,0.17674794472023528,0.1839639188857743,0.19115572039831372,0.1983188796593025,0.20544929549553104,0.2125432055713804,0.21959716402627688,0.2266080165626957,0.23357287809646926,0.24048911335020004,0.2473543180005549,0.2541663013908007,0.26092307066926856,0.26762281534346666,0.27426389445084587,0.2808448232080462,0.2873642613588735,0.29382100223211605,0.300213962598513,0.3065421732704378,0.3128047703730057,0.319000987277931,0.32513014709751725,0.3311916557379414,0.33718499542606395,0.34310971884972374,0.3489654434434504,0.3547518463661947,0.36046865970912867,0.36611566607958196,0.371692694507497,0.37719961665140816,0.38263634328268026,0.38800282102830624,0.3932990293815673,0.3985249777979784,0.4036807032763026,0.4087662678546169,0.41378175642583426,0.41872727469260473,0.4236029472780508,0.42840891598161857,0.433145338046662,0.4378123851724397,0.44241024140381713,0.44693910237266354,0.4513991740187285,0.4557906718091519,0.46011381863912143,0.4643688456577224,0.46855599030104744,0.47267549581287893,0.47672761070590064,0.4807125879541203,0.48463068457519237,0.4884821611017807,0.49226728113701124,0.4959863108878214,0.49963951910079035,0.5032271763039503,0.5067495548420071,0.5102069285197617,0.5135995725619154,0.5169277631977364,0.5201917776807501,0.5233918941328162,0.5265283914538716,0.5296015492550629,0.532611647813575,0.5355589680475594,0.5384437915096735,0.5412664003978037,0.5440270775816474,0.5467261066438838,0.549363771934755,0.5519403586389224,0.5544561528238987,0.5569114416483734,0.5593065132776269,0.5616416571123697,0.5639171638711943,0.5661333257108612,0.5682904138006782,0.570388769040088,0.5724286657485406,0.5744104029765155,0.5763342824007058,0.5782006074595152,0.5800096841693279,0.5817618211111654,0.583457329583829,0.5850965237583179,0.5866797208331866,0.5882072437554331,0.5896794110579913,0.5910965525833598,0.5924589992025638,0.5937670855953529,0.5950211504057645,0.5962215363970713,0.5973685906059849,0.5984626644959988,0.5995041141097841
0.14619794427114344,0.12367283778757146,0.10356005723325992,0.08569371059236587,0.06991619437369401,0.0560782993353458,0.04403918798374389,0.033666277150903895,0.024835042898003964,0.017428769759379986,0.011338254354501101,0.006461485984110442,0.0027033028725455613,-2.4958986790633853e-05,-0.0018058209518227175,-0.002716014393453779,-0.0028268280106115637,-0.002204445112720249,-0.0009102698361551434,0.00099876032013365,0.0034698749659901676,0.006454190645031062,0.009906437608201944,0.01378471004088673,0.018050227203218132,0.022667110236783146,0.02760217310941513,0.03282472757517186,0.03830640055913296,0.044020964698306075,0.0499441803399353,0.05605364865058423,0.062328675267025534,0.06875014362567017,0.07530039790058488,0.08196313372352974,0.08872329761432589,0.09556699357060472,0.1024813965949434,0.10945467266629655,0.11647590472778867,0.12353502396559221,0.13062274670246546,0.13773051555348492,0.14485044469388836,0.1519752714827446,0.15909830807907666,0.16621339881064648,0.17331488111240279,0.1803975484768609,0.18745661644899844,0.1944876911608615,0.20148674076354828,0.20845006627827273,0.21537427994749575,0.22225627994703656,0.2290932295538265,0.23588253716405214,0.2426218386966949,0.24930897949943864,0.2559419993610846,0.26251911790195426,0.26903872046069366,0.27549934649417995,0.2818996773678716,0.28823852575811243,0.2945148256863063,0.30072762327990094,0.30687606820652463,0.31295940573439907,0.3189769693570604,0.3249281739808445,0.3308125095814652,0.3366295353347677,0.3423788741409144,0.3480602076986236,0.35367327163980394,0.3592178513122778,0.3646937777262328,0.37010092382557214,0.3754392010326789,0.38070855604726117,0.38590896790812057,0.3910404451401732,0.3961030233752816,0.4010967628924832,0.4060217464707331,0.41087807728502357,0.41566587742658606,0.42038528562091637,0.4250364560264126,0.4296195566475424,0.4341347681279838,0.4385822823129981,0.4429623015576449,0.4472750364071285,0.4515207065320615,0.45569953858187345,0.4598117657102917,0.46385762684943005,0.4678373660151516,0.47175123184787615,0.4755994768634518,0.47938235710501276,0.48310013167136295,0.4867530622541105,0.49034141309197465,0.49386545019827616,0.49732544141425594,0.5007216560935543,0.5040543649025035,0.5073238396102894,0.5105303531114465,0.5136741790677488,0.5167555919814187,0.519774867088114,0.5227322803117052,0.5256281082386808,0.5284626281107028,0.5312361178339208,0.5339488560037107,0.5366011219435942,0.5391931957571731,0.5417253583919454,0.5441978916832965,0.5466110785631878,0.548965202965146,0.5512605500528439,0.5534974062966561,0.55567605958879,0.5577967993641225,0.5598599167260618,0.561865683195454,0.563814436557863,0.565706452323887,0.5675420294338849,0.5693214693554489,0.5710450760526466,0.5727131561315515,0.5743260189868482,0.5758839795943103,0.577387348019289,0.5788364456120779,0.5802315943988561,0.5815731199334796,0.5828613514449181,0.5840966219841606,0.5852792685704803,0.5864096323369635,0.5874880586751968,0.5885148973790773
0.14374986042426016,0.12161902912821226,0.10185570983740641,0.08429740267390129,0.06878967922760068,0.05518629576989919,0.043349179471137936,0.03314832044422559,0.02446158654866506,0.01717448275589227,0.011179864839864738,0.006377630013020462,0.0026743828412488235,-1.6906501082533665e-05,-0.0017772483244251208,-0.002681977648668725,-0.0028010931040830314,-0.0021995868206012154,-0.0009377633000015942,0.0009284548033593049,0.003347233450946209,0.006270553008099505,0.009653940421976641,0.01345622461224684,0.017639302336040864,0.02216791938719686,0.02700946560623435,0.03213378361930433,0.03751298967820163,0.04312130744140954,0.04893491289447594,0.054931790284417796,0.061091598212894054,0.06739554532500266,0.07382627546608057,0.0803677602346423,0.08700520038641917,0.09372493403828028,0.10051435176240048,0.10736181798946824,0.11425659831780433,0.12118879200297272,0.12814926998203227,0.1351296170575419,0.14212207810868088,0.14911951063636977,0.15611533714286607,0.16310350326122477,0.17007843939607525,0.17703502430549545,0.18396855168422574,0.19087469924141628,0.1977495006464123,0.20458931679394965,0.21139081465673734,0.2181509423438816,0.22486690864622366,0.2315361635760975,0.2381563803445775,0.24472543866783786,0.2512414091203853,0.25770253969145074,0.26410724079547715,0.2704540746253397,0.2767417429501564,0.28296907669944305,0.2891350261648984,0.2952386519165685,0.3012791163806685,0.30725567603037024,0.3131676741472844,0.31901453409582325,0.3247957531129531,0.3305108965230484,0.33615959238639753,0.3417415265020329,0.3472564379337655,0.35270411454878725,0.3580843891903549,0.3633971359788432,0.36864226691379803,0.37381972872582164,0.3789294999867384,0.38397158830494105,0.3889460278872714,0.3938528775093207,0.39869221781877884,0.4034641497499831,0.40816879259962985,0.4128062823409594,0.41737677006859186,0.4218804205651123,0.42631741098108533,0.43068792958522895,0.4349921751136293,0.4392303542271613,0.44340268269699235,0.4475093831747394,0.45155068474703824,0.45552682222176905,0.4594380354792394,0.4632845688476347,0.4670666707167168,0.4707845928410668,0.47443859005566724,0.47802891978035233,0.4815558419921019,0.4850196184384233,0.48842051270836356,0.49175878991725575,0.4950347165101537,0.49824856009534635,0.5014005893058692,0.5044910736870122,0.5075202835668982,0.5104884901546607,0.5133959652493862,0.5162429813777801,0.5190298117450058,0.5217567302427182,0.5244240114721193,0.5270319307808005,0.5295807643122048,0.5320707890666089,0.5345022829725758,0.536875524937737,0.5391907950605253,0.5414483745418306,0.5436485459143371,0.545791593121051,0.5478778016309267,0.5499074585591963,0.551880852791796,0.5537982749201631,0.555659997871916,0.5574663573317326,0.5592176299466658,0.5609141154272304,0.5625561160573644,0.5641439368334906,0.5656778882697219,0.5671582758169251,0.5685854161717189,0.5699596265784986,0.5712812276930186,0.5725505437214445,0.5737679025588271,0.5749336359268968,0.5760480795111088,0.5771115730968774,0.578124460704977
0.14144144394130337,0.11968400281144256,0.10025163791361671,0.0829850602909028,0.06773284735166911,0.05435156306269914,0.04270575233397186,0.03266784196491601,0.0241179647465379,0.016943728454221818,0.011039938845148714,0.0063083001193735,0.0026570896589943258,8.253435858987523e-07,-0.0017400720825865024,-0.0026396150787643125,-0.0027665805436475344,-0.002184832421198636,-0.0009536337919756679,0.0008720538506229655,0.0032412832492877963,0.0061068528602784555,0.009425044140517917,0.013155381829880651,0.017260404291123244,0.021705448869830522,0.026458450754917984,0.03148975529810017,0.03677194212555343,0.04227966198120591,0.04798948445464601,0.0538797565123389,0.05993047089639317,0.06612314445859038,0.07244070448772028,0.07886738400307186,0.08538862446061075,0.09199098563850844,0.09866206220257374,0.1053904064656425,0.1121654569482847,0.11897747201502301,0.12581746896981214,0.13267716721380252,0.13954893534969764,0.14642574491195035,0.1533011219106736,0.16016910879754503,0.1670242236561938,0.173861425939914,0.18067608330047563,0.18746394118025034,0.19422109524481074,0.2009439630394294,0.2076292633178702,0.2142739914278875,0.22087539921435412,0.22743097587879668,0.23393843025226385,0.2403956743750354,0.24680080828484924,0.2531521057156164,0.2594480018690709,0.26568708023406407,0.27186806151071063,0.2779897940452508,0.2840512434945853,0.2900514840635788,0.29598969021895133,0.3018651290060723,0.3076771529244488,0.3134251933237513,0.3191087542663609,0.32472740686248724,0.33028078399073946,0.3357685754157352,0.3411905232585304,0.3465464177629829,0.35183609353941403,0.35705942575192584,0.3622163269108294,0.3673067436671064,0.3723306542390443,0.377288065309795,0.38217900986620224,0.3870035448485585,0.3917617490462171,0.3964537211524313,0.4010795779674209,0.4056394527395095,0.41013349363483326,0.41456186232687725,0.41892473269764907,0.42322228964294706,0.42745472827494335,0.43162225169758134,0.43572507193414134,0.439763407833201,0.443737484614504,0.4476475331667733,0.45149378940944407,0.455276493714051,0.45899589038126454,0.462652227131889,0.466245754836098,0.4697767268299166,0.4732453990567512,0.476652029228964,0.47999687691618714,0.48328020323031023,0.4865022706319649,0.48966334276656664,0.49276368432780515,0.49580356094665157,0.49878323910402605,0.5017029860654025,0.5045630698357109,0.5073637591329925,0.5101053233793622,0.5127880327078904,0.515412157984125,0.5179779708410054,0.5204857437260345,0.5229357499595985,0.5253282638034076,0.5276635605069723,0.5299419165194463,0.532163609391469,0.5343289180040338,0.5364381226413626,0.5384915051015404,0.5404893488115621,0.5424319389461786,0.5443195623463255,0.5461525084499876,0.5479310682228808,0.5496555158786387,0.551326185959873,0.5529433597020792,0.5545073330090531,0.5560184124502605,0.5574769040809567,0.5588831178514613,0.5602373666022579,0.5615399664769182,0.5627912370529956,0.5639915014722725,0.5651410865702872,0.5662403230050936,0.5672895453852272,0.5682890923968649
0.13926237822352197,0.11785893109253193,0.09874033497353282,0.0817503432151234,0.06674038156596858,0.05356967487177182,0.04210524911307789,0.0322218407184455,0.023801729479723574,0.016734516407487722,0.01091685601176462,0.006252165432643168,0.002650307982251389,2.7268850466041772e-05,-0.0016951744667041344,-0.0025897805533946355,-0.0027241679843782243,-0.0021611311865420563,-0.0009589456556677867,0.0008283381580109703,0.0031506146989376815,0.0059614553471069795,0.009217859567226053,0.012880010879958229,0.016911055919180587,0.021276892841937296,0.02594597383973974,0.030889120853892352,0.03607935278807376,0.04149172525619003,0.047103180972230874,0.05289241074390792,0.058839724138776375,0.0649269299206818,0.07113722429892617,0.07745508800845663,0.08386619065676848,0.09035730212275046,0.09691621051717873,0.10353164622803446,0.11019321166799478,0.11689131599768074,0.1236171152370838,0.13036245634644755,0.13711982517738613,0.1438823010375362,0.1506435088906446,0.15739758206145354,0.16413912200166486,0.1708631646221967,0.1775651476447031,0.18424088068137232,0.19088651812925495,0.19749853119693575,0.20407368768600986,0.21060902768585088,0.21710184381614067,0.22354966238955887,0.22995022596491263,0.23630147718597705,0.24260154380937843,0.24884872483228843,0.25504147742678096,0.26117840587198293,0.2672582492399084,0.27327987218234534,0.2792422545391119,0.2851444835760452,0.2909857451366712,0.2967653162514787,0.302482558124048,0.308136909629649,0.3137278812723654,0.3192550496086889,0.32471805204920223,0.3301165820517534,0.3354503846618142,0.34071925237782036,0.345923021318281,0.35106156766919017,0.35613480425615374,0.36114267806353784,0.36608516648992906,0.3709622754314097,0.37577403662097864,0.38052050541378,0.3852017587151261,0.3898178930653086,0.3943690228703827,0.3988552787689017,0.40327680612527883,0.4076337636411471,0.41192632207667224,0.4161546630743607,0.4203189780784302,0.4244194676399683,0.42845633930493954,0.4324298086140166,0.4363400971065271,0.4401874319429682,0.4439720452768353,0.4476941736851834,0.45135405765398107,0.45495194107514425,0.45848807098842825,0.4619626969735513,0.4653760709084109,0.46872844692809673,0.4720200807175524,0.47525122960304444,0.478422152280392,0.48153310865347765,0.48458435969972036,0.48757616736057496,0.4905087944552434,0.49338250461587846,0.49619756224265954,0.4989542324772052,0.501652781192901,0.5042934750007529,0.5068765812694995,0.5094023681587555,0.5118711046640465,0.5142830606726375,0.5166385070291456,0.5189377155779152,0.5211809593750916,0.5233685125809772,0.5255006506885642,0.5275776505909889,0.5295997906874005,0.5315673509929544,0.5334806132523071,0.5353398636787455,0.5371453825038356,0.5388974600700501,0.5405963862264289,0.5422424531534309,0.5438359373115806,0.5453771726181789,0.5468664404691238,0.5483040439363435,0.5496902880960093,0.551025482042253,0.5523099377621355,0.5535439705679468,0.5547278992194299,0.5558620460452308,0.5569467370635713,0.557982317058723,0.5589690895280663
0.13720328366201756,0.1161357900296433,0.09731497983577048,0.08058749164562404,0.06580745284583561,0.05283661240128057,0.04154435006581723,0.031807593566653074,0.023510659799560914,0.01654504119678977,0.010809146491326124,0.006208018364180425,0.0026530251238778765,6.154444111466234e-05,-0.0016433586162523245,-0.002533252615123077,-0.0026746569758147667,-0.0021293509174129463,-0.0009546728955973915,0.0007961914353561972,0.003073934440442988,0.005832863544476305,0.009030657121581707,0.012628124732563466,0.016588990276342044,0.020879684130194462,0.02546914912576243,0.03032865948818081,0.035431650990568164,0.040753563459549016,0.04627169369147478,0.05196505878332805,0.05781426895084954,0.06380140996068705,0.06990993320352283,0.07612455447025399,0.08243115985619087,0.08881671859628984,0.095269202349784,0.10177751046604772,0.10833140085856062,0.11492142575975223,0.12153887279692609,0.12817570994915112,0.1348245343019101,0.1414785274044864,0.1481314080916372,0.1547773958909241,0.16141117133425636,0.16802784285476013,0.17462291463429794,0.18119225714610143,0.18773208048749712,0.19423890675713956,0.20070955026723064,0.2071410935310469,0.213530867827758,0.21987643465282194,0.22617556869549912,0.23242624090760985,0.23862660624123255,0.24477498705155026,0.2508698621318857,0.2569098545955325,0.26289372100024744,0.26882034126681753,0.2746887093328447,0.2804979246581878,0.28624718350619127,0.2919357725208199,0.2975630611319118,0.3031284953199547,0.30863159167733134,0.3140719318871864,0.3194491576308224,0.3247629658382477,0.33001310429779246,0.33519936755442653,0.34032159324755873,0.34537965844129254,0.3503734764940441,0.3553029940501648,0.3601681880555605,0.3649690637404421,0.3697056515151633,0.374378005202484,0.3789861998923899,0.3835303300554064,0.38801050779973983,0.392426861262369,0.3967795331249204,0.401068679245803,0.40529446740069675,0.40945707612403914,0.41355669364468073,0.417593517218466,0.4215677509794802,0.4254796070294765,0.4293293034013266,0.43311706370533837,0.43684311651075225,0.4405076947851,0.4441110353875455,0.44765337861257853,0.4511349677397094,0.4545560488317315,0.4579168700926878,0.4612176820438206,0.4644587367645928,0.4676402879979653,0.4707625908788381,0.47382590177499206,0.4768304781545243,0.4797765784778548,0.4826644621125056,0.4854943892689493,0.4882666209559181,0.49098141895366687,0.49363904580375045,0.4962397648139635,0.49878384007717075,0.5012715365028122,0.5037031198599486,0.506078856830764,0.5083990150735084,0.5106638632609787,0.5128736712929216,0.5150287101792244,0.5171292522682185,0.519175571308948,0.5211679425524837,0.523106642857067,0.5249919507964818,0.5268241465463902,0.5286035128870754,0.5303303339980573,0.5320048964449582,0.533627489081246,0.5351984060046332,0.5367179358707512,0.5381863589783898,0.5396040110688254,0.5409711760521206,0.5422881589784581,0.54355526796226,0.5447728144739805,0.5459411289307081,0.5470604976803075,0.5481312585423508,0.549153736929243,0.5501282620408734
0.1352556163055024,0.11450727324431056,0.09596936236128872,0.07949126323944651,0.064929667402531,0.052148720260742666,0.04102016453073846,0.03142262528821004,0.0232427376860457,0.016373662693831698,0.010715475228122523,0.0061747619706271975,0.002664320810328767,0.00010285212656315629,-0.0015853558817126093,-0.0024707414130677244,-0.0026187796266362792,-0.002090285425655092,-0.000941707062027286,0.0007745913163963031,0.003010060094992155,0.00571970592090363,0.008861852115474182,0.012397902960038343,0.01629213073696195,0.02051147141310808,0.0250253339069524,0.029805422090998596,0.03482556773989782,0.04006157565661704,0.04549107898858969,0.05109340477917794,0.05684944883025324,0.06274156003054422,0.06875343216149486,0.07487000428487028,0.08107736812648675,0.08736268227612363,0.09371409273019066,0.10012065931720472,0.10657228758639889,0.11305966582062363,0.11957420647260761,0.12610799251017882,0.1326537266560739,0.1392046875547674,0.14575468318357146,0.15229801492832173,0.1588294384125919,0.16534413093127254,0.1718376597692284,0.17830595318362696,0.18474527415331984,0.1911521930884203,0.19752356845276658,0.20385652302887414,0.21014842495052882,0.21639686877961156,0.22259965954994343,0.2287547964364856,0.2348604583892939,0.24091499067143715,0.2469168923836572,0.25286480490211183,0.2587575011611951,0.2645938757186549,0.27037293554504355,0.276093791483978,0.2817556503337747,0.28735780732548977,0.29289964003412294,0.29838060097918234,0.3038002124979253,0.30915806112088795,0.31445379255326517,0.3196871069657532,0.3248577547767733,0.32996553247424937,0.3350102790024582,0.33999187228537264,0.34491022605434934,0.3497652867880498,0.3545570311172084,0.35928546318528165,0.36395061232210774,0.3685525307711734,0.373091292068572,0.37756698859472704,0.381979730250782,0.3863296427739409,0.39061686627478115,0.39484155388919784,0.3990038705371733,0.40310399178112805,0.40714210277711493,0.4111183973125907,0.415033077227992,0.4188863503800323,0.4226784317790858,0.42640954165152417,0.4300799051519216,0.43368975181085867,0.43723931503593116,0.4407288316623921,0.44415854155006906,0.4475286871809808,0.45083951343560436,0.4540912673639794,0.4572841976268768,0.460418554572123,0.46349458996325715,0.4665125568228708,0.4694727093019906,0.47237530257359556,0.4752205927484864,0.47800883681182327,0.48074029257873196,0.4834152186674803,0.486033874488803,0.48859652025002775,0.4911034169727395,0.49355482652277366,0.4959510116514108,0.49829223604670025,0.5005787643938903,0.5028108624440293,0.5049887970576534,0.5071128364173818,0.5091832499178377,0.5112003083920647,0.5131642841746625,0.5150754512022869,0.5169340851170954,0.5187404631373669,0.5204948650964742,0.522197572169829,0.5238488678966846,0.5254490380655501,0.5269983736821133,0.5284971601967392,0.5299456925246274,0.5313442671633091,0.5326931828122561,0.5339927410834049,0.5352432466096579,0.536445007152526,0.5375983337088879,0.5387035406168622,0.5397609456167862,0.5407708701315254,0.5417336391058659
